id	bolum	en	tr
1000	Dialogs	Export to MS Excel	Excel'e Aktar
1001	Dialogs	View :	Görünüm:
1002	Dialogs	Summary timetable of teachers	Toplu Çarşaf Liste : Öğretmenler
1003	Dialogs	Export areas	Aktarma Alanları
1004	Dialogs	Summary timetable of classes	Toplu Çarşaf Liste : Sınıflar
1005	Dialogs	Timetable for each teacher	Tablo Olarak : Öğretmenler
1006	Dialogs	Timetable for each class	Tablo Olarak : Sınıflar
1007	Dialogs	Cancel	İptal
1008	Dialogs	Contracts	Sözleşmeler
1009	Dialogs	Use colors	Renkleri Kullan
1010	Dialogs	Fit onto page	Sayfaya Sığdır
1011	Dialogs	Subject	Ders
1013	Dialogs	Subject title :	Dersin Adı
1014	Dialogs	Short :	Kısa Kodu
1017	Dialogs	Edit	Güncelle
1018	Dialogs	Homework preparation required	Evde Hazırlanma Gereklidir
1019	Dialogs	Classrooms	Derslikler
1020	Dialogs	Max. on the question marked :	Max. Soru İşaretliler
1021	Dialogs	Subjects	Dersler
1022	Dialogs	Enter subjects :	Tanımlı Dersler
1023	Dialogs	New	Yeni
1024	Dialogs	Edit	Güncelle
1025	Dialogs	Remove	Sil
1026	Dialogs	Classes	Sınıflar
1027	Dialogs	Enter classes :	Tanımlı Sınıflar
1028	Dialogs	New	Yeni
1031	Dialogs	Divisions	Gruplar
1032	Dialogs	Lessons	Ders Atama
1033	Dialogs	Time off	Zaman Tablosu
1034	Dialogs	Details	Detaylar
1035	Dialogs	Class	Sınıf
1036	Dialogs	Class name :	Sınıf Adı
1038	Dialogs	Teachers	Öğretmenler
1039	Dialogs	Enter teachers :	Tanımlı Öğretmenler ve Dersleri
1045	Dialogs	Color	Renk Kodu
1046	Dialogs	Color all	Tümünü Renklendir
1048	Dialogs	Teacher	Öğretmen
1050	Dialogs	Name :	Adı
1052	Dialogs	Class teacher for the class	Sınıf Öğretmenliği
1053	Dialogs	Approbation(License)	Branş / Unvan
1054	Dialogs	Change	Değiştir
1056	Dialogs	Male	Erkek
1057	Dialogs	Contract	Atanan Dersler
1058	Dialogs	New lesson	Yeni Ders
1059	Dialogs	Edit lesson	Dersi Güncelle
1061	Dialogs	Name of teacher :	Öğretmenin Adı
1063	Dialogs	Lesson	Ders
1064	Dialogs	More teachers	Ortak Öğretmen
1065	Dialogs	Add division	Grup Ekle
1066	Dialogs	Joint classes	Birleşik Sınıflar
1067	Dialogs	Home classroom	Sınıfın Dersliği
1068	Dialogs	Shared room	Ortak Derslik
1069	Dialogs	Other available classrooms	Farklı Derslik Seç
1075	Dialogs	Lessons/week	Haftalık Ders
1079	Dialogs	aSc Timetables	aSc k12 Bilişim Ders Planlama
1081	Dialogs	Use Wizard	Shirbazı Kullan
1082	Dialogs	Create blank	Boş Oluştur
1083	Dialogs	Open existing	Mevcut Ders Programını Aç
1084	Dialogs	New timetable:	Ders Programı Ekle :
1085	Dialogs	Classrooms	Derslikler
1086	Dialogs	Enter classrooms :	Tanımlı Derslikler
1087	Dialogs	New	Yeni
1090	Dialogs	Generate	Otomatik Oluştur
1092	Dialogs	Classroom	Derslik
1094	Dialogs	Home classroom :	Sınıfın Dersliği:
1095	Dialogs	Classroom name :	Dersliğin Adı :
1097	Dialogs	Shared room	Ortak Derslik
1098	Dialogs	Classroom selection	Dersliklerin Seçimi
1100	Dialogs	Select classrooms :	Derslikleri Seçiniz:
1101	Dialogs	Group	Grup
1102	Dialogs	Title :	Adı
1103	Dialogs	Joint teachers	Birleşik Öğretmenler
1108	Dialogs	Joint classes	Birleşik Sınıflar
1119	Dialogs	Caption :	İsim:
1120	Dialogs	Available	Uygun
1121	Dialogs	Conditional	Şartlı
1122	Dialogs	Not available	Uygun Olmayan
1123	Dialogs	Use left and right mouse buttons to set.	Farenin Sol Ve Sağ Tuşu İle Durumları Değiştirebilirsiniz
1125	Dialogs	Generate timetable	Ders Planını Oluştur
1126	Dialogs	To generate timetable press the 'Generate timetable' button.	Ders Planını Oluşturmak İçin 'Ders Planını Oluştur' Tuşuna Basın
1127	Dialogs	Verify specification	Kontrol Et
1128	Dialogs	Press the 'Verify Specification' button, to verify specification. The program lets you know the possible problems in the specification.	Girdiğiniz Bilgileri Kontrol Etmek İçin 'Kontrol Et' Tuşuna Basınız. Olabilecek Hatalara Karşı Program Sizi Uyaracaktır
1129	Dialogs	Generating the timetable	Ders programı oluşturuluyor...
1130	Dialogs	Cancel	İptal
1131	Dialogs	Progress :	Durum:
1133	Dialogs	Finish	Son
1134	Dialogs	Bell times	Zil
1136	Dialogs	Start	Başlat
1137	Dialogs	The End	Bitiş
1138	Dialogs	Double-click on the lesson you wish to edit.	Güncellemek İstediğiniz Dersi Çift Tıklayınız
1139	Dialogs	Number from 1	1 Den İtibaren Numaralandırın
1140	Dialogs	Application	Uygulama
1142	Dialogs	Lesson :	Ders :
1144	Dialogs	Hour	Saat
1145	Dialogs	Min.	Dakika
1149	Dialogs	View	Görünüm
1150	Dialogs	Monday	Pazartesi
1151	Dialogs	Tuesday	Salı
1152	Dialogs	Wednesday	Çarşamba
1153	Dialogs	Thursday	Perşembe
1154	Dialogs	Friday	Cuma
1155	Dialogs	Saturday	Cumartesi
1156	Dialogs	Sunday	Pazar
1157	Dialogs	Days displayed	Gösterilen Günler
1158	Dialogs	Classes displayed	Gösterilen Sınıflar
1159	Dialogs	Number of lessons	Silinecek Ders Sayısı
1160	Dialogs	View :	Görünüm :
1161	Dialogs	Define views	Görünümleri Tanımla
1162	Dialogs	Views :	Görünümler:
1164	Dialogs	Edit	Güncelle
1166	Dialogs	Name of the school :	Okulun Adı
1167	Dialogs	Academic year :	Öğretim Yılı / Tebliğ Sayısı:
1168	Dialogs	Timetable for days of week	Eğitim Öğretim Günleri
1176	Dialogs	Periods per day:	Günlük Ders Saati:
1178	Dialogs	Division	Gruplar
1179	Dialogs	Group %1 :	Grup %1
1185	Dialogs	Class :	Sınıf:
1186	Dialogs	Types of subjects	Derslerin Türleri
1187	Dialogs	Type of subject :	Dersin Türü:
1190	Dialogs	Type of subject	Dersin Türü
1192	Dialogs	Define divisions	Grupları Tanımla
1195	Dialogs	Edit	Güncelle
1197	Dialogs	Tip of the day	Günün İpucu
1198	Dialogs	&Show tips on startup	İpuçalarını Başlangıçta Göster
1199	Dialogs	&Next tip	Sonraki İpucu
1200	Dialogs	&Close	Kapat
1201	Dialogs	Remove timetable	Bilgi! Sadece Kart Yerleşmeleri Temizlenecek
1203	Dialogs	Unlocked cards	Kilitli Kartların Yerleşimi İptal Edilmesin
1204	Dialogs	Unlocked and locked cards	Tüm Kartların Yerleşimi İptal Et
1205	Dialogs	Move to pending cards :	Planlama Temizleme Şeklini Seçiniz
1206	Dialogs	Teacher / Constraints	Öğretmen / Detaylar
1209	Dialogs	Contract :	Toplam Ders Saati
1210	Dialogs	Maximum number of windows in timetable :	En Fazla
1211	Dialogs	Number of days taught by teacher :	Kısıtlama: Ders Günü
1212	Dialogs	Limit number of windows in timetable per week	Bir Haftadaki Toplam Boş Ders Sayısını Sınırla
1213	Dialogs	Limit number of days	Ders Günlerinin Sayısını Sınırla
1214	Dialogs	Here you can limit number of days, when the teacher should teach. Generator finds the days in the given number.	Burada Öğretmenin Ders Verebileceği Günleri Sınırlayabilirsiniz. Program Sınıra Göre Öğretmenin Günlerini Kısıtlar
1215	Dialogs	E.g. The teacher has three windows in the timetable if he has a 2nd and then 6th lesson.	Örneğin, 2. ve 6. Ders Arası Boş İse Boşluk 3'dür
1216	Dialogs	Set for more	Tümüne Uygula
1217	Dialogs	Max. number of consecutive periods:	Ardışık Derslerin Maksimum Sayısı:
1218	Dialogs	Limit number of consecutive lessons	Ardışık Derslerin Sayısını Sınırlandır
1219	Dialogs	This parameter limits the number of consecutive periods taught by the teacher.	Bu Parametre Öğretmenin 1 Günde Verebileceği Ders Sayısını Sınırlar
1220	Dialogs	The teacher cannot have a 3 windows in one day.	Bir Günde 3 Saatten Fazla Boş Ders Olamaz.
1221	Dialogs	The teacher must have lesson every day	Öğretmenin Her Gün Dersi Olsun
1222	Dialogs	The teacher cannot have a 2 windows in one day.	Bir Günde 2 Saatten Fazla Boş Ders Olamaz.
1223	Dialogs	Export to HTML	HTML Formatına Aktar
1224	Dialogs	Export !	Aktar !
1232	Dialogs	List the teacher	Öğretmeni Listele
1233	Dialogs	List the group	Grubu Listele
1234	Dialogs	List the classroom	Dersliği Listele
1235	Dialogs	List the class	Sınıfı Listele
1238	Dialogs	Verification of the specification	Bilgi Girişi Kontrolü
1239	Dialogs	Possible faults in timetable specification :	Bilgi Girişindeki Muhtemel Hatalar:
1240	Dialogs	Statistics	İstatistik
1241	Dialogs	Teachers:	Öğretmenler:
1242	Dialogs	Classes:	Sınıflar:
1243	Dialogs	Total no. of windows:	Pencerelerin Toplam Sayısı:
1244	Dialogs	Cards:	Kartlar:
1245	Dialogs	Teachers with max. windows:	Sıkışık Öğretmenler:
1246	Dialogs	Average no. of windows:	Ortalama Pencere Sayısı:
1247	Dialogs	Max. window:	En Çok Pencere Sayısı:
1248	Dialogs	Unfinished teachers:	Tamamlanmamış Öğretmenler:
1249	Dialogs	Pending cards:	Yerleştirilmemiş Ders Bloğu:
1250	Dialogs	Minutes taught:	Ders Verilen Dakikalar:
1253	Dialogs	Windows:	Pencereler:
1261	Dialogs	Misplaced cards:	Yanlış Yerleştirilen Kartlar:
1262	Dialogs	Faulty	Hatalı
1263	Dialogs	Max. windows for teacher:	Öğretmenin Maksimum Pencere Sayısı:
1264	Dialogs	Windows for teacher	Öğretmenin Pencereleri
1265	Dialogs	Teachers with max. no. of windows:	Sıkışık Öğretmenler:
1266	Dialogs	Count	Toplam Saat
1267	Dialogs	Timetable generated:	Ders Planı Oluşturuldu:
1268	Dialogs	Last updated:	Son Güncelleme:
1269	Dialogs	Verification of the timetable	Planlama Kontrolü
1270	Dialogs	Lessons placed in a position not recommended	Tavsiye Edilmeyen Yerlere Yerleştirilmiş Dersler
1271	Dialogs	Lessons placed in a position not permitted	İzin Verilmeyen Yerlere Yerleştirilmiş Dersler
1272	Dialogs	Remove those not recommended	Tavsiye Edilmeyenleri Sil
1273	Dialogs	Remove those not permitted	İzin Verilmeyenleri Sil
1274	Dialogs	Pending lessons :	Yerleştirilmemiş Dersler:
1275	Dialogs	State	Durum
1276	Dialogs	Description	Tanımlama
1277	Dialogs	Action	Hareket
1279	Dialogs	Lessons not yet assigned to a classroom	Dersliği Belirtilmemiş Dersler
1280	Dialogs	Remove those not yet assigned	Dersliği Belirtilmemiş Dersleri Sil
1281	Dialogs	Detailed verification	Detaylı Kontrol
1283	Dialogs	Lessons of class	Seçili Sınıfın Dersleri
1289	Dialogs	Printing area	Yazdırma Alanı
1291	Dialogs	Timetable of each class separately	Her Sınıfı Ayrı Ayrı
1294	Dialogs	Summary timetable of classrooms	Toplu Çarşaf Liste : Derslikler
1295	Dialogs	Timetable for each classroom	Tablo Olarak : Derslikler
1297	Dialogs	All	Tümü
1298	Dialogs	Selection	Seçim
1300	Dialogs	All	Tümü
1311	Dialogs	Wall poster	Genel Program
1312	Dialogs	Wall poster of classes	Sınıfların Genel Programı
1313	Dialogs	Wall poster of teachers	Öğretmenlerin Genel Programı
1314	Dialogs	Wall poster of classrooms	Dersliklerin Genel Programı
1315	Dialogs	Number of pages:	Sayfaların Sayısı:
1316	Dialogs	height	Yükseklik
1317	Dialogs	width	Genişlik
1318	Dialogs	Week:	Hafta:
1319	Dialogs	4 -> 1 page	4 Ü 1 Sayfada
1322	Dialogs	Print lessons of teachers	Öğretmenin Girdiği Dersler
1323	Dialogs	2 -> 1 page	2 Si 1 Sayfada
1324	Dialogs	Style	Bilgi
1325	Dialogs	Print unused classrooms	Boş Derslikleri Yazdır
1327	Dialogs	Print the caption of teachers	Öğretmenlerin ... Yazdır
1329	Dialogs	Class selection	Sınıf Seçimi
1331	Dialogs	Select classes :	Sınıf Seç:
1332	Dialogs	Teacher selection	Öğretmen Seçimi
1334	Dialogs	Select teachers :	Öğretmenleri Seç:
1335	Dialogs	Parameters	Parametreler
1336	Dialogs	Complexity of generation	Planlama Çalışma Süresi
1337	Dialogs	Full and divided lessons cannot be the same day.	Grup Dersler, Varsa Tam Dersler Aynı Gün Olamaz
1338	Dialogs	Allow the generator to place lessons on 0th period	0. Saate Ders Ver
1339	Dialogs	Check full/divided lessons	Tam/Grup Dersleri Kontrol Et
1340	Dialogs	Generate different timetables	Planlama Öncesi Yerleşim Temizlensin
1341	Dialogs	Check distribution	Dağılımı Kontrol Et
1342	Dialogs	Check exhaustion	Ardışık Ders Sayısı Sınırı
1343	Dialogs	Check windows of teachers	Haftalık Boş Ders Sayısı Kontrol Edilsin !
1345	Dialogs	Set default	Varsayılan
1346	Dialogs	A different timetable is generated every time. We recommend enabling this option .	Otomatik Planlamada Her Zaman Yeni Planlama Oluşturulur. Bunu Tavsiye Ederiz.
1347	Dialogs	Divided lessons may not be on both sides of the full lesson.	Grup Dersler, Varsa Tam Dersin Önceki/Sonraki Gününde Olamaz
1348	Dialogs	Small	Küçük
1349	Dialogs	Normal	Normal
1350	Dialogs	Large	Yüksek
1351	Dialogs	Huge	Çok Yüksek
1352	Dialogs	Max. number of consecutive periods taught by teachers that are not limited explicitly in the teachers' 'constraints' dialog.	Öğretmen Kısıtlama Tanımlanmaış İse Ardışık Ders Sayısı En Fazla Yandaki Değer Ayarlansın. Bu Ayar Planlama İşlemini Zorlaştır !
1359	Dialogs	License	Lisans Girişi
1360	Dialogs	About	Hakkında
1361	Dialogs	School :	Okulun Adı
1362	Dialogs	License	Lisans
1363	Dialogs	About Timetables	aSc k12 Bilişim Ders Planlama Hakkında
1364	Dialogs	Registered:	Kayıtlı Kullanıcı:
1365	Dialogs	Technical support	Teknik Destek
1367	Dialogs	Information about aSc Timetable software, as well as information about other products and activities of aSc company, we gladly provide you at the address :	K12 Bilişim Hakkında Bilgi ve K12 Bilişimin Diğer Ürünleri
1368	Dialogs	Timetable testing	Planlama Öncesi Veri Kontrol ve Analiz İşlemi
1369	Dialogs	Timetable test :	Ders Programı Kontrol
1370	Dialogs	Warning !	Dikkat !
1371	Dialogs	Always show warning on startup	Her Zaman Başlangıçta Uyarıyı Göster
1372	Dialogs	Unassigned cards	Dağıtılmamış Kartlar
1373	Dialogs	Card information	Bilgi Kartı
1374	Dialogs	Detailed information:	Detaylı Bilgi:
1376	Dialogs	First week	1. Hafta
1377	Dialogs	Second week	2. Hafta
1378	Dialogs	Third week	3. Hafta
1379	Dialogs	Fourth week	4. Hafta
1380	Dialogs	Fifth week	5. Hafta
1381	Dialogs	Sixth week	6. Hafta
1382	Dialogs	Class details	Sınıf Detayları
1383	Dialogs	Preparation	Hazırlık
1384	Dialogs	Max. number of lessons per day requiring preparation	Max.Günde Hazırlanabilecek Ders Sayısı
1385	Dialogs	Allow arrival on second lesson.	2. Derste Gelmesine İzin Ver
1387	Dialogs	New relationship	Dersleri Seçin
1388	Dialogs	Select subjects	Dersleri Seçin
1389	Dialogs	Change classes	Sınıfları Değiştirin
1390	Dialogs	Two subjects cannot be placed on the same day	Dersler Aynı Gün Yerleştirilemez
1391	Dialogs	They cannot be placed consecutively on the same day	Dersler Aynı Gün Ardarda Yerleştirilemez
1392	Dialogs	They needn't be distributed equably over the week.	Onların Hafta Boyunca Dengesiz Dağılımı Gerekmez
1393	Dialogs	They needn't fulfill condition about the succession of the full and divided lessons.	Onların Tam ve Bölünmüş Derslere İlgili Ardarda Gelmesi Koşulunu Yerine Getirmesi Gerekmez
1395	Dialogs	Condition :	Durum:
1396	Dialogs	Classes :	Sınıflar
1397	Dialogs	Subjects :	Dersler
1398	Dialogs	All	Tümü
1400	Dialogs	Card relationships	Planlama İlişkileri
1401	Dialogs	Add	Ekle
1402	Dialogs	Edit	Düzen
1403	Dialogs	Remove	Sil
1404	Dialogs	Subject selection	Ders Seçimi
1406	Dialogs	Select subject :	Ders Seçin:
1407	Dialogs	Recommended classrooms for particular subject	Belirli Bir Ders İçin Önerilen Sınıflar
1408	Dialogs	Set for all lessons of this subject	Dersin Tanımlanmış Kartlarına Uygula
1410	Dialogs	Shared classrooms	Paylaşılan Derslik
1414	Dialogs	Set classrooms for lessons of this subject	Tanımlanmış Derslerin Dersliklerini Güncelle
1415	Dialogs	Replace :	Değiştir:
1416	Dialogs	Add :	Ekle :
1418	Dialogs	Assign recommended classrooms to the set of available classrooms for this lesson.	Bu dersin tanımlı kartlarına ilave derslik olarak ekle.
1419	Dialogs	Conditions	Koşullar
1420	Dialogs	Tutorial/Demo	Tanıtım Ve Öğrenme
1421	Dialogs	Introduction	Genel Sistem Tanıtımı
1422	Dialogs	Enter subjects/classes/classrooms	Dersleri / Sınıfları / Derslikleri Tanımlama
1423	Dialogs	Enter teachers/lessons	Öğretmenleri Ve Dersleri Tanımlama
1424	Dialogs	Generate the timetable	Ders Programını Planlama
1425	Dialogs	Edit the timetable	Programda Manuel Müdahale İşlemleri
1427	Dialogs	Print the timetable	Ders Programını Yazdır
1429	Dialogs	Print setup	Yazıcı Ayarları
1438	Dialogs	Print in color	Renkli Baskı
1439	Dialogs	Background	Arka Plan
1440	Dialogs	Main text	Ana Metin
1441	Dialogs	Text around	Metin Etrafı
1447	Dialogs	New absent	Yeni Ekle
1449	Dialogs	Who is absent:	Kim Devamsız
1450	Dialogs	Why is he/she absent:	Devamsızlık Nedeni
1451	Dialogs	When is he/she absent:	Devamsızlık Tarihi
1452	Dialogs	from	Başlangıcı
1453	Dialogs	Longtime absence	Uzun Süre Devamsız
1454	Dialogs	Entire day	Tüm Gün
1455	Dialogs	Part of the day :	Saatlik
1456	Dialogs	till	Bitiş Saati
1457	Dialogs	From:	Başlangıç
1458	Dialogs	Till:	Bitiş
1459	Dialogs	Type of substitution	Yerleştirme Türü
1461	Dialogs	Type :	Tür:
1463	Dialogs	Note :	Not:
1464	Dialogs	Reason of the absence	Devamsızlık Nedeni
1466	Dialogs	Reason:	Tamam:
1471	Dialogs	Duty	Görev
1472	Dialogs	Cannot substitute	Yerini Alamaz
1474	Dialogs	Substitution	Değiştirme
1476	Dialogs	Cancelled	İptal Ediliyor
1477	Dialogs	Absenting :	Devamsız:
1481	Dialogs	Substituting :	Değiştiriliyor:
1483	Dialogs	Type of substitution :	Değiştirme Türü:
1486	Dialogs	Continue	Devam
1487	Dialogs	Do you wish to cancel generating or finish solving quickly?	Planlama İşlemi Geçici Olarak Durduruldu ?
1488	Dialogs	Finish solving quickly	Taslak Olarak Bitir
1490	Dialogs	Work with the program	Program Yapmak
1491	Dialogs	Further information	Program Hakkında
1492	Dialogs	Registration	Lisans
1493	Dialogs	Full version of aSc Timetables. Program is not registered. All features except export to HTML and Excel are available. The printouts from unregistered version contain a watermark.	Tam Sürüm aSc k12 Ders Planlama Programı. Program Lisanslı Değildir
1494	Dialogs	Selection of substitution timetable	Ders Programının Yerleştirmesi İçin Seçim
1495	Dialogs	Select timetable	Ders Programını Seç
1496	Dialogs	New	Yeni
1497	Dialogs	By another timetable	Diğer Ders Programı İle
1498	Dialogs	Timetable for substitution from :	Ders Programı İçin Yerleştirme:
1501	Dialogs	Duties and time-off	Görev ve Kapalı Zaman
1502	Dialogs	Timetable	Planlama / Yerleştirme
1503	Dialogs	Day :	Gün:
1504	Dialogs	Cycle :	Döngü :
1506	Dialogs	Option 'By another timetable' use also schools with multi-week timetable.	'Başka Bir Ders Programı İle' Seçeneğini, Birden Çok Haftalık Ders Programına Sahip Okullarda Kullanabilirsiniz
1507	Dialogs	Cycle specifies, which week will be chosen for the substitution, if it contains multi-week timetable.	Döngü, Çoklu Hafta (Haftalara Göre Farklılaşan) Ders Programı İçeriyorsa, Yer Değiştirme İçin Seçilecek Olan Haftayı Belirtir
1508	Dialogs	Select timetable, which will be used for substitutions.	Yer Değiştirmeler İçin Kullanılacak Ders Programı Seçin
1509	Dialogs	Print - the summary of absenting teachers.	Devamsız Öğretmenlerin Özetini Yazdır
1510	Dialogs	Print	Yazdır
1514	Dialogs	Period :	Periyot :
1515	Dialogs	Columns:	Sütunlar:
1517	Dialogs	Print - summary of substitution	Yazdır - Yerine Yerleştirilenlerin Özetini
1528	Dialogs	Period :	Periyot:
1529	Dialogs	Assign	Atamak
1530	Dialogs	Criterion	Kriter
1531	Dialogs	Teaches the class	Sınıftaki Öğretmen/ler
1532	Dialogs	Class teacher	Sınıf Öğretmeni
1533	Dialogs	Approbation	Branşı
1534	Dialogs	Exhaustion	En Fazla Ardışık Ders
1535	Dialogs	Joining	Katılma
1538	Dialogs	Equable substitution	Dengeli Dağılım
1539	Dialogs	Set the default values	Standart Ayarları Uygula
1540	Dialogs	Criteria description	Kriterlerin Açıklaması
1541	Dialogs	Warning displayed if the program is closed with pressing Esc	Programda Kapalı İse Esc Tuşuna Basarak Uyarı Görüntülenir
1542	Dialogs	Tooltip and text help	İpucu ve Metin Yardımı
1543	Dialogs	Substitution for days	Günler İçin Yerleştirme
1551	Dialogs	Show on startup :	Başlangıçta Göster :
1552	Dialogs	Teachers, who absent today	Öğretmenlerden, Bugün Kim Yok
1553	Dialogs	Teachers, who will absent tomorrow	Öğretmenlerden, Yarın Kim Olmayacak
1554	Dialogs	List time (date), when the substitution was printed	Zaman (Tarih) Listesi, Değişikliği Yazdırılmıştır
1555	Dialogs	Do not reduce size of letters in cells. If the text does not fit into the cell, use the abbreviation instead of it.	Hücrelerindeki Harflerin Boyutunu Küçültmeyin.Metin Hücre İçine Sığmazsa, Bunun Yerine Kısaltma Kullanabilirsiniz
1556	Dialogs	Table of substitutions	Yerleştirme Tablosu
1557	Dialogs	Table of substitutions for students	Öğrenciler İçin Yerleştirme Tablosu
1558	Dialogs	Visible	Görünür
1559	Dialogs	Till	Bitiş
1560	Dialogs	From	Başlangıç
1561	Dialogs	Text in information for students :	Öğrenciler İçin Bilgi Yazısı:
1562	Dialogs	Criteria description	Kriterlerin Açıklaması
1563	Dialogs	Class teacher, Teaches class, Approbation, Joining, Duty	Sınıf Öğretmeni, Öğretmenin Sınıfı, Onama, Katılma, Görev
1564	Dialogs	If the teacher fulfills some of the listed criteria, he/she automatically receives points for this criterion.	Öğretmen Listelenen Bazı Kriterleri Yerine Getirirse, Kız/Erkek Otomatik Olarak Bu Kriterler İçin Puan Alır.
1567	Dialogs	The criterion 'Position' represents position of substituting lesson in the day schedule of the teacher.	'Konum' Kriteri, Öğretmenin Günlük Programına Ders Konulmasını Konumu Temsil Eder
1569	Dialogs	The teacher receives the amount of points, that equals to the number of substituting lessons in the last month multiplied by weight of the criterion.	Öğretmen Kriterinin Ağırlığı İle Çarparak, Geçen Ay Konulan Ders Sayısına Eşit Puan Miktarı Alır
1571	Dialogs	Note :	Not:
1572	Menu	&File	Dosya İşlemleri
1573	Menu	&New Ctrl+N	&Yeni Ctrl+N
1574	Menu	&Open ... Ctrl+O	&Aç ... Ctrl+O
1575	Menu	&Printer setup	&Yazıcı Ayarları
1576	Menu	Last files	Son Dosyalar
1577	Menu	E&xit	&Son
1578	Menu	&Options	&Arayüz Ayarları
1579	Menu	&Settings	&Genel Bilgiler
1580	Menu	Types of subjects	Derslerin Türleri.
1581	Menu	Tutorial/Demo	Tanıtım Ve Öğrenme
1582	Menu	&Info	&Bilgi Kartı
1583	Menu	Technical support	Teknik Destek
1588	Menu	&Save Ctrl+S	&Kaydet Ctrl+S
1589	Menu	Save &as	Farklı Kaydet
1590	Menu	P&rinting area	Baskı Alanı
1591	Menu	&Print ... Ctrl+P	&Yazdır ... Ctrl+P
1592	Menu	P&rint preview	Ön İzleme
1594	Menu	Send	E-Mail Gönder
1597	Menu	&Edit	&Düzen
1598	Menu	Specification	Tanımlama İşlemleri
1599	Menu	Wizard	Sihirbaz
1600	Menu	&Subjects	&Dersler
1601	Menu	&Classes	&Sınıflar
1602	Menu	Class&rooms	Sınıflar
1603	Menu	&Teachers	&Öğretmenler
1606	Menu	Choose	Seçim
1607	Menu	Whole	Sınıflar
1608	Menu	Week	Hafta
1609	Menu	Define	Görünüm
1611	Menu	Test the timetable	Planlama Öncesi Kontrol
1612	Menu	Generate new	Planlama Robotunu Çalıştır.
1613	Menu	Improve	İyileştirme Uygula
1614	Menu	Finish Solving	Son Çözüm
1615	Menu	Parameters	Parametreler
1616	Menu	Verification	Planlama Sonrası Kontrol
1617	Menu	Assign classrooms	Dersliklere Atama
1618	Menu	Lock	Kart Kilitle
1619	Menu	Unlock	Kilit Aç
1620	Menu	Remove timetable	Tabloyu Temizle
1624	Menu	&Window	&Pencere
1625	Menu	&New window	&Yeni Pencere
1626	Menu	&Cascade	&Kademeli
1627	Menu	&Tiles	&Karolar
1628	Menu	&Arrange icons	Simgeleri Yerleştir
1630	Menu	&Info	&Lisans Bilgi Kartı
1632	Menu	Are you sure you want to remove the subject ?	Dersi Silmek İstediğinizden Eminmisiniz?
1633	Menu	No fields were selected !	Bir Kayıt Seçiniz!
1634	Menu	Are you sure you want to remove the class ?	Sınıfı Silmek İstediğinizden Eminmisiniz?
1635	Menu	Name	Tam Adı
1637	Menu	Are you sure you want to remove the teacher ?	Öğretmeni Silmek İstediğinizden Eminmisiniz?
1640	Menu	Length	Uzunluk
1643	Menu	Entire class	Bütün Sınıf
1645	Menu	Double	İkili
1646	Menu	Triple	Üçlü
1647	Menu	Short	Kısa Kodu
1648	Menu	Are you sure you want to remove the lesson ?	Dersleri Silmek İstediğinizden Emin Misiniz?
1649	Menu	Classroom	Derslik
1652	Menu	Shows tip of the day.	Günün İpucunu Göster
1653	Menu	&Tip of the day	&Günlük İpucu
1654	Menu	Did you know,	Biliyor Muydunuz,
1656	Menu	MONDAY	PAZARTESİ
1657	Menu	TUESDAY	SALI
1658	Menu	WEDNESDAY	ÇARŞAMBA
1659	Menu	THURSDAY	PERŞEMBE
1660	Menu	FRIDAY	CUMA
1661	Menu	SATURDAY	CUMARTESİ
1662	Menu	SUNDAY	PAZAR
1663	Menu	Are you sure you want to abort ?	İptal Etmek İstediğinizden Emin Misiniz?
1664	Menu	Subject	Ders
1666	Menu	Class	Sınıf Adı
1669	Menu	Wizard : Step %1 of %2	Sihirbaz: %1/%2
1680	Menu	Settings	Ayarlar
1681	Menu	Home classroom	DERSLİK-
1682	Menu	View 1	Görünüm 1
1684	Menu	Changes	Değişiklikler
1685	Menu	Wizard : Step 8 of 8	Sihirbaz : 8/8
1686	Menu	Basic data	Genel Bilgiler
1687	Menu	Free	Serbest
1688	Menu	Girls	Kızlar
1689	Menu	Boys	Erkekler
1690	Menu	Group 1	Grup 1
1691	Menu	Group 2	Grup 2
1701	Menu	Are you sure you want to remove all unlocked cards in the timetable ?	Ders Programındaki Kartlar Kilitlenmemiştir. Silmek İstediğinizden Eminmisiniz?
1702	Menu	Are you sure you want to lock all placed cards ?	Tüm Kartları Kilitlemek İstediğinizden Emin Misiniz?
1703	Menu	Are you sure you want to unlock all cards ?	Tüm Kart Kilitlerini Açmak İstediğinizden Emin Misiniz?
1704	Menu	Are you sure you want to remove all cards in the timetable ?	Ders Programındaki Tüm Kartları Kaldırmak İstediğinizden Emin Misiniz?
1706	Menu	Unlock	Kilidi Aç
1707	Menu	Lock	Kart Kilitle
1708	Menu	Info	Bilgi Kartı
1709	Menu	Exporting to HTML. Please wait	HTML Ye Gönderiliyor. Lütfen Bekleyin
1711	Menu	No lesson can be placed here	Burada Yerleşmeyen Ders Yok
1712	Menu	Delete row	Satırı Temizle
1713	Menu	Lock row	Satırdaki Kartları Kilitle
1714	Menu	Please check at least one day of week.	Lütfen, Haftanın En Az Bir Gününü Kontrol Edin
1715	Menu	Verifying specification. Please wait.	Şartlar Doğrulanıyor. Lütfen Bekleyin
1716	Menu	No faults detected in the specification.	Şartname İçinde Hata Tespit Edilmedi
1718	Menu	Total of %d teachers.	Öğretmenlerin Toplamı %d
1719	Menu	Total of %d classrooms.	Sınıfların Toplamı %d
1720	Menu	Total of %d classes.	Dersliklerin Toplamı %d
1723	Menu	Empty the classroom	Sınıftaki Boşluk
1724	Menu	Are you sure you want to remove the classroom ?	Dersliği Silmek İstediğinizden Eminmisiniz?
1725	Menu	Class %1	Sınıf %1
1726	Menu	Incorrect number entered.	Hatalı Kayıt Numarası !
1727	Menu	Classroom %1	Derslik %1
1728	Menu	Teacher %1	Öğretmen %1
1729	Menu	Unlock row	Satırdaki Kartların Kilidini Aç
1730	Menu	You have been working %1 minutes without saving the document.	%1 Dakika Belgeyi Kaydetmeden Çalışıyor Olması Gerek
1731	Menu	Teacher %1 exceeded the number of windows allowed.	Öğretmen% 1 İzin Verilen Pencere Sayısını Aştı
1732	Menu	Teacher %1 exceeded the number of windows allowed.	Öğretmen% 1 İzin Verilen Pencere Sayısını Aştı
1733	Menu	or	Veya
1734	Menu	Teacher %1 exceeded the number of days taught allowed.	Öğretmen %1 İzin Verilen Gün Sayısını Aştı
1735	Menu	Teacher %1 exceeded the number of days taught allowed.	Öğretmen %1 İzin Verilen Gün Sayısını Aştı
1736	Menu	Teacher collision - %1	Öğretmen Çakışması - %1
1737	Menu	Classroom collision %1	Sınıf Çakışması %1
1738	Menu	Group collision %1	Grup Çakışması %1
1739	Menu	Inappropriate distribution: %1	Uygunsuz Planlama: %1
1740	Menu	There is a full lesson %1 between divided lessons.	Bölünmüş Ders Arasında Bir Tam %1 Dersi Bulunmaktadır
1741	Menu	Verifying	Doğrulanıyor
1744	Menu	Question marked	Şartlı
1745	Menu	Windows	Dersler Arası Boşluk
1746	Menu	Pending	Yerleştirilmemiş
1750	Menu	Page:	Sayfa:
1751	Menu	Wrong position %1, class not available	Yanlış Pozisyon %1, Sınıf Uygun Değil
1752	Menu	Wrong position %1, teacher not available	Yanlış Pozisyon %1, Öğretmen Uygun Değil
1753	Menu	Wrong position %1, subject not available	Yanlış Pozisyon %1, Ders Uygun Değil
1754	Menu	Warning: %1 exceeds the number of lessons in the entire view.	Uyarı: %1 Genel Görünümde Ders Sayısını Aşıyor
1755	Menu	Changing the name of the school will result in the change of the security key, therefore the application will close without saving changes. Contact your local reseller to receive the new key. Please confirm you agree with the new name of the school	Okulun Adını Değiştirmek, Güvenlik Anahtarının Değişimine Neden Olur, Bu Nedenle Uygulama Değişiklikleri Kaydetmeden Kapatır.Yeni Anahtarı Almak İçin Yerel Satıcınızla Temasa Geçin. Lütfen Okulun Yeni Adı İle Katılmasını Onaylayın
1756	Menu	Mismatched lessons %1, %2	Eşleşmeyen Dersler %1, %2
1757	Menu	No teachers entered. Please enter teachers prior to entering lesson.	Hiçbir Öğretmen Girilmemiş.Lütfen Ders Girmeden Önce Öğretmenleri Giriniz
1758	Menu	Are you sure you want to remove the division(s) ? Doing so will remove all lessons for the groups from this division. If you only want to change the names of groups, use the Edit option.	Grup(ları)u Kaldırmak İstediğinizden Emin Misiniz ? Aksi Takdirde Bu Gruba Gelenler İçin Tüm Dersler Kaldıracaktır. Yalnızca Grupların Adlarını Değiştirmek İstiyorsanız, Güncelle Seçeneğini Kullanın
1759	Menu	Are you sure you want to generate new home classrooms ? Other home classrooms will be removed.	Yeni Derslik Oluşturmak İstediğinizden Emin Misiniz ? Diğer Derslik Silinecektir
1760	Menu	Generation successful !	Üretim Başarılı!
1761	Menu	Place	Yer
1762	Menu	Cancel	İptal
1763	Menu	Save changes to %1?	Değişiklikleri Kaydet? "%1"
1764	Menu	Colliding cards	Çakışan Kartlar
1765	Menu	Pending	Beklemedeki
1773	Menu	.hour	. Saat
1774	Menu	Complexity:	Karmaşıklık:
1775	Menu	Position:	Pozisyon:
1776	Menu	Functional	İşlevsel
1777	Menu	Faulty	Hatalı
1778	Menu	Time off:	Zaman Tablosu
1780	Menu	Available classrooms:	Uygun Derslikler:
1781	Menu	Cannot remove currently selected class.	Seçili Sınıf Kaldırılamıyor
1782	Menu	Cannot remove currently selected teacher.	Seçili Öğretmen Kaldırılamıyor
1783	Menu	Stop	Dur
1784	Menu	Likely fault detected in the specification of class %1	%1 Sınıfının Ders Planlamasında Hata Tespit Edildi.
1785	Menu	Remaining cards:	Kalan Kartlar:
1786	Menu	Class %1 alone can be generated.	%1 Sınıfı, Tek Başına Oluşturulabilir
1787	Menu	Teacher %1 alone can be generated.	%1 Öğretmeni, Tek Başına Oluşturulabilir
1788	Menu	Likely fault detected in the specification of teacher %1	%1 Adlı Öğretmenin Ders Planlamasında Hata Tespit Edildi.
1791	Menu	Teachers :	Öğretmenler:
1794	Menu	Likely fault detected in the specification of subject %1	%1 Dersinin Planlamasında Hata Tespit Edildi.
1798	Menu	Subject %1 alone can be generated.	%1 Dersi Tek Başına Oluşturulabilir
1799	Menu	Unlocked cards will be removed prior to testing the timetable. Are you sure you want to go on ?	Bazı Kartlar Kilitli Değildir. Devam Ederseniz Bu Kartların Yerleşimi İptal Edilecektir. Devam Etmek İstediğinizden Eminmisiniz ?
1800	Menu	Same subject in %1 : %2	Aynı Derslerin Sayısı %1 : %2
1801	Menu	Different number of lessons in %1 :	Farklı Derslerin Sayısı İn %1 :
1802	Menu	General verification:	Genel Doğrulama:
1803	Menu	General	Genel
1804	Menu	General verification found no faults.	Genel Doğrulamada Hiç Bir Hataları Bulunmadı
1805	Menu	Are you sure you want to abort testing ?	Testi İptal Etmek İstediğinizden Emin Misiniz?
1806	Menu	Testing aborted. (Last test may show faults that will be solved if not aborted.)	Test İptal Edildi. (Son İptal Edilen Testtin Hataları Gösterebilir.)
1807	Menu	Testing successful.	Kontrol Başarılı
1808	Menu	Testing revealed faults in the specification of the timetable. It is very likely that there exists no solution matching the specification. We recommend that you rectify the faults. Please consult the 'generating timetables' section of the manual for details on how to rectify faults.	Ders Programında Hatalar Tespit Edildi. Kullanım kılavuzundaki önerileri okuyabilirsiniz. Eğer planlama ilişkileriniz var ise hepsini pasif ederek testi tekrarlayın. Eğer hata almazsanız tek tek ilişkileri aktif ederek testi tekrarlayın. Hata aldığınız anda son aktif ettiğiniz ilişkiye tanımladığınız öğretmen ve sınıfı kontrol ediniz.
1809	Menu	Unlocked cards will be removed prior to generating the timetable. Are you sure you want to go on ?	Ders Programı Kilitli Değildir. Kontrolü Yaparsanız Önceki Program Silinecek Ve Yeniden Oluşacaktır. Devam Etmek İstediğinizden Eminmisiniz ?
1810	Menu	Complexity:	Karmaşıklık:
1811	Menu	Rating:	Oy Verin:
1812	Menu	Collisions:	Çarpışmalar:
1814	Menu	Order:	Sipariş:
1816	Menu	Undefined	Tanımsız
1817	Menu	Class %1 shares two cards in the same position.	%1 Sınıfı Aynı Pozisyonda İki Kart Paylaşmaktadır
1818	Menu	Teacher %1 has two lessons at the same time.	Öğretmen %1 Aynı Anda İki Derse Sahiptir
1819	Menu	Teacher %1 exceeded the number of windows allowed.	Öğretmen %1 İzin Verilen Pencere Sayısını Aşmıştır
1820	Menu	Teacher %1 exceeded the number of days allowed.	Öğretmen %1 'ın Toplam Ders Saati, Ders Verdiği Gün Sayısına Uygun Değil
1821	Menu	Class %1 contains a window.	%1 Sınıfında Belirtilen Pencerelerde Yer Bulunmaktadır
1822	Menu	Divided cards are placed on many positions in class %1.	Bölünmüş Kartlar %1 Sınıfında Birçok Pozisyona Yerleştirilebilir
1823	Menu	%1 is out of the teaching block.	%1 Eğitim Binasının Dışında
1824	Menu	%1 more times per day.	Günde %1 Kadarı Fazla
1825	Menu	%1 on consecutive days.	%1 Üzerinde Ardışık Gün
1826	Menu	%1 KsOutBlok (cannot be upgraded to full lesson)	%1 KsOutBlok (Tam Ders İçin Yükseltilemiyor)
1827	Menu	%1 two cards placed in the same classroom.	%1 İki Kart Aynı Sınıfa Yerleştirilir
1828	Menu	%1 does not have a classroom assigned.	%1 Atanmış Bir Sınıf Yok
1829	Menu	%1 full card found between divided cards.	%1 Tam Kart Arasında Bölünmüş Kartlar Bulundu
1830	Menu	%1 full card found on the same day as a divided card (or between divided cards).	%1 Tam Kart, Aynı Gün Bölünmüş Bir Kart Olarak Bulundu (yada Bölünmüş Kartlar Arasında)
1831	Menu	%1 cannot be generated even with conditions ignored.	%1 Gözardı Edilecek Koşullarla Bile Oluşturulamaz
1832	Menu	%1 can be generated with conditions ignored.	%1 Gözardı Edilecek Koşullarla Oluşturulabilir
1833	Menu	Can be generated by ignoring the condition:	Bu durum görmezden gelinerek oluşturulabilir:
1834	Menu	checking for full cards between divided cards.	Tam Kartlar Arasında Bölünmüş Kartlar İçin Kontrol
1835	Menu	checking the distribution.	Planlama Kontrolü
1836	Menu	assigning classrooms.	Derslik Atama
1837	Menu	checking the number of windows of teachers.	Öğretmenlerin Boş Ders Sayısı Denetlensin !
1838	Menu	checking the number of permitted days of teachers	Öğretmenlerin İzin Verilen Gün Sayısını Denetleme
1839	Menu	This application requires a minimum of 256 colors. Running it with a smaller number of colors may result in an incorrect display of information.	Bu Uygulama, En Az 256 Renk Gerektirir. Renk Sayısı Daha Küçük Olan Bir Görüntü Yanlış Bilgiye Neden Olabilir
1840	Menu	We recommend that you set your display to high-color (65536) mode, since a higher number of colors make working with timetables easier. Use the Control Panel to change the number of colors displayed. See the manual for more details on this matter.	Programın Doğru Çalışması İçin, Görüntü Modunu Yüksek Renk (65536) Düzeyine Getirmenizi Öneririz. Görüntülenen Renk Sayısını Değiştirmek İçin Denetim Masası'nı Kullanın. Bu Konuda Daha Fazla Bilgi İçin Kullanım Kılavuzuna Bakın
1841	Menu	Your system is currently working in 256 color mode.	Sistem Şu Anda 256 Renk Modunda Çalışıyor
1842	Menu	We recommend that you set your display to high-color (65536) mode, since a higher number of colors make working with timetables easier. Use the Control Panel to change the number of colors displayed. See the manual for more details on this matter.	Programın Doğru Çalışması İçin, Görüntü Modunu Yüksek Renk (65536) Düzeyine Getirmenizi Öneririz. Görüntülenen Renk Sayısını Değiştirmek İçin Denetim Masası'nı Kullanın. Bu Konuda Daha Fazla Bilgi İçin Kullanım Kılavuzuna Bakın
1843	Menu	%1 locked on a wrong position.	%1 Yanlış Pozisyonda Kilitli
1845	Menu	Type	Tipi
1846	Menu	(Locked)	(Kilitli)
1847	Menu	%1 group cannot be upgraded to full class.	%1 Grubu Tüm Sınıfa Yükseltilemez
1848	Menu	%1 card expands teaching block causing other collisions.	%1 Kartının Diğer Çakışmaları Nedeniyle Öğretim Bloğunu Genişlet
1849	Menu	%1 teacher of complementary lesson is not available.	%1 Dersinde Tamamlayacak Öğretmen Mevcut Değil
1850	Menu	%1 teacher of complementary lesson of other classes is not available.	Diğer Sınıfların Tamamlayıcı %1 Ders Öğretmeni Mevcut Değil
1851	Menu	Teacher %1 exceeds the permitted number of consecutive periods taught.	Öğretmen %1 İzin Verilen Ardışık Periyot Sayısını Aşıyor
1852	Menu	%1 full lesson and divided lesson found on the same day.	% 1 Tam Dersiyle ve Aynı Günde Bölünmüş Ders Bulundu
1853	Menu	Number of faults exceeds 400. Any further faults will not be listed.	Hata Sayısı 400 Ü Aşıyor. Her Hangi Bir Başka Hata Listelenmeyecektir
1855	Menu	Assigning classrooms	Derslik Atama
1856	Menu	Welcome, I shall give a step-by-step guide on how to use aSc Timetables. You can cancel me any time, eventually I will close down.	Hoşgeldiniz, Size aSc k12 Ders Planlama Kullanmak İçin Adım Adım Kılavuz Hizmeti Sunulacaktır. Her Hangi Bir Zaman Bu Hizmeti İptal Edebilir veya Sonlandırarak Kapatabilirsiniz
1857	Menu	This is the main application window. You can also see a toolbar, status bar, etc...	Bu Ana Uygulama Penceresidir. Ayrıca Araç Çubuğunu, Durum Çubuğunu, Vs. Görebilirsiniz .
1858	Menu	Now I magnified the window because there are a lot of important things I want to tell you. See ?	Şimdi Pencereyi Büyüttüm Çünkü Sana Söylemeke İstediğim Çok Önemli Şeyler Var. Bak ?
1859	Menu	Now, Here is the dialog box, we are going to create a timetable!	Şimdi, Bu İletişim Kutusu, Bizi Yeni Bir Ders Programı Oluşturmaya Götürür
1860	Menu	Here are the basic data, we set the year and move on	Buradaki Temel Veri, Yıl Ve Hareket(Taşıma) Ayarlarımız Üzerindedir
1861	Menu	Lesson is not present in any week of the cycle. Enter the weeks it is taught in.	Her Hafta İçin Ders Döngüsü Mevcut Değildir. Hafta İçinde Öğretimi Düzgün Girin
1862	Menu	Week %1.	Hafta %1
1863	Menu	All weeks	Tüm Haftalar
1866	Menu	cannot follow.	Takip Edemez
1867	Menu	cannot be the same day.	Aynı Gün Olamaz.
1868	Menu	All classes	Tüm Sınıflar
1869	Menu	In this part we learn how to enter subjects.	Bu Bölümde Derslerin Nasıl Girileceğini Öğreneceğiz
1870	Menu	Arbitrary	Rastgele
1872	Menu	Demo aborted. You can restart it by selecting the Demo option from the Help menu.	Demo Durduruldu. Yardım Menüsünden Demo Seçeneğini Seçerek Yeniden Başlatabilirsiniz
1873	Menu	If you do not wish to display this class, you need to modify the list of classes displayed for the current view.	Bu Sınıfı Görüntülemek İstemiyorsanız, Geçerli Görünümden Görüntülenecek Sınıfların Listesini Değiştirmek Gerekir
1874	Menu	Error reading: %1	Okuma Hatası: %1
1875	Menu	We’ll start with Subjects. We can add, edit or remove any subject at any time while working with the Timetable program.	Biz Dersler İle Başlayacağız. Ders Programı İle Çalışırken Herhangi Bir Zamanda Herhangi Bir Ders Ekleyebilir, Güncelleyebilir Veya Silebilirsiniz
1876	Menu	We select the command ‘Subjects’ from the ‘Specification’ menu.	Biz 'Tanımlama İşlemleri' Menüsü Üzerinden 'Dersler' Butonunu Tıklayalım
1877	Menu	The dialog box for ‘Subjects’ is displayed. The subjects we have entered so far are displayed there. We can edit them with the buttons to the right of the list.	'Dersler' İçin İletişim Kutusu Görüntülenecektir. Şimdiye Kadar Girdiniz Dersler Burada Görülür. Biz Listenin Sağındaki Düğmeleri İle Bunları Güncelleyebiliriz
1878	Menu	We will add the first subject now.	Şimdi İlk Dersi Ekleyerek Başlayalım
1879	Menu	For each subject we can set the following data :	Her Ders İçin Aşağıdaki Verileri Ayarlayabilirsiniz:
1880	Menu	Name and abbreviation of the subject.	Dersin Adı ve Kısa Adı (Kısa Kodu)
1881	Menu	For each subject you can also specify when this subject can be taught. Click button ‘Time off’ to do so.	Her Bir Ders İçin; Bu Dersin İşlenebileceği Zamanı Belirleyebilirsiniz. Bunu Yapmak İçin Önce Dersi Sonra 'Zaman Tablosu'sunu Tıklayın
1882	Menu	3. The home preparation needed: this information guarantees that easy and hard days, when students have a lot of home preparation to do, will not be generated.	3. Ev Hazırlığı Gerekli: Bu Bilgi Kolay Ve Zor Olan Günleri Tanımlayacaktır, Öğrencilerin Evlerinde Yapacağı Çok Hazırlık Varken, Çıkarılmaz
1883	Menu	4. Max number of question marked positions: means how many cards of the subject can be placed on the question marked positions. This feature prevents the program from generating a timetable where e.g. mathematics would be always placed on the 5th lesson in one class.	4. En Fazla Kaç Şartlı Ders İhlali Yapılabilir: 'Şartlı' Olarak İşaretlenmiş Alanlara Kaç Tane Kart Yerleştirilebilir. Bu Özellik, Nerelerde Ders Planlama Programının Oluşumunu Engelleyecektir, Örneğin Matematik'in Bir Sınıfta Her Zaman 5. Derse Yerleştirilemesini
1884	Menu	5. Recommended classrooms: here you can specify where this subject is usually taught.	5. Önerilen Sınıflar: Burada Bu Dersin Genellikle Nerede İşleneceğini Belirtebilirsiniz
1885	Menu	To finish specification, press the 'OK' button.	Özellikleri Bitirmek İçin, 'Tamam' Düğmesine Basın
1886	Menu	You can use a similar procedure to edit subjects you've already entered. You just select the subject and press the 'Edit' button.	Daha Önce Girdiğiniz Dersleri Güncellemek İçin De Buna Benzer Bir Yolu Kullanabilirsiniz. Bunun İçin Önce Dersi Seçin Ve Sonra 'Güncelle' Düğmesini Tıklayın
1887	Menu	To finish entering specification of subjects, press the 'Close' button.	Derslerin Koşul Girişini Tamamlamak İçin, 'Kapat' Düğmesine Basın
1888	Menu	There is a similar procedure for the specification of classes. Use the command ‘Classes’ instead of the command ‘Subjects’ from the ‘Specification’ menu.	Benzer Bir Prosedür Sınıfların Güncellenmesi İçin Kullanılabilir. Bunun İçin 'Genel Bilgiler' Menüsünden 'Dersler' Yerine 'Sınıflar' Düğmesini Kullanın
1889	Menu	The dialog box contains the list of classes. Use the ‘New...’ and ‘Edit...’ buttons to add or edit classes.	Açılan İletişim Kutusu Sınıfların Listesini Gösterir. Sınıf Eklemek İçin 'Yeni'yi Veya Sınıf Güncellemek İçin İse 'Güncelle' Düğmelerini Kullanın
1890	Menu	We can specify when each class can and cannot have lessons. We use the button ‘Time off...’ for this.	Her Sınıf İçin Ayrı Ayrı Dersin Olmayacağı (veya İşlenmeyeceği) Zamanı Belirleyebilirsiniz. Bunun İçin Önce İstediğiniz Sınıfı Sonra 'Zaman Tablosu' Düğmesini Kullanabilirsiniz
1891	Menu	For example, we can specify that a class of small children can have neither zero lessons nor lessons on Friday afternoon.	Örneğin, Küçük Çocukların Bulunduğu Bir Sınıfta, Cuma Öğleden Sonrasını Da Sıfır Ders Saatlerinin De Ne (Uygun, Uygun Olamayan Veya Şartlı) Olabileceğini Belirleyebilirsiniz
1892	Menu	An important function is the Division of Class into Groups.	Programın Önemli Bir Fonksiyonu Da Sınıfın 'Gruplara' Ayrılması Bölümüdür
1893	Menu	Each class can contain several divisions of students.	Her Bir Sınıftaki Öğrenciler Çeşitli Gruplar İçerebilir
1894	Menu	Now we will add a new division with groups ‘Beginners’ and ‘Advanced’.	Şimdi Gruplara 'Yeni Başlayanlar' Ve 'Gelişmiş' Diye İki Yeni Grup Ekleyelim
1895	Menu	Only groups from the same division can have lessons at the same time. The program schedules e.g. that only Beginners lessons will be taught while the Advanced group has lessons. There won’t be any lessons for Boys or Girls at that time.	Yalnız Aynı Bölüm İçin Oluşturulan Gruplarınızda Ders Aynı Zamanda Olabilir. Program Örneğimizde Yeni Eklediğimiz 'Gelişmiş' İle 'Yeni Başlayanlar' Grupları İçin Dersler Aynı Anda Olacaktır. Fakat Söz Konusu Zaman Diliminde Daha Önce Tanımlanan 'Erkek' Ya Da 'Kız' Grupları İçin Aynı Ders Olmayacaktır
1896	Menu	The list of lessons for the selected class is also available. We will demonstrate how to enter lessons into the timetable when we demonstrate how to enter teachers' lessons later in this tutorial.	Seçilen Sınıf İçin Ders Listesi De Mevcuttur. Biz Daha Sonra Bu Öğreticide, Ders Planlama Programı İçindeki Öğretmenlere Ait Derslerin De Nasıl Girileceğini Göreceğiz
1897	Menu	How do we enter classrooms? We enter them the same way we entered Subjects and Classes.	Derslikleri Nasıl Girebilirim? Derslikleri De Daha Önceden Girdiğiniz Dersler Ve Sınıflarla Aynı Şekilde Girin
1898	Menu	We add new Classrooms with the ‘New...’ button.	'Yeni' Düğmesini Tıklayarak Yeni Derslikler Ekleyebilirsiniz
1899	Menu	We can enter a name and abbreviation for each classroom. We can also specify if the classroom is a homeroom or is shared.	Her Sınıf İçin Bir Ad Ve Kısa Kod Girebilirsiniz. Ayrıca Eğer Sınıf İçin Birleşme Veya Ortak Kullanım Söz Konusuysa Bunu Da Belirtebilirsiniz
1900	Menu	For each classroom we can enter when the classroom is available for teaching.	Sınıf Öğretmenliği İçin Kullanılabilir Olduğunda, Her Sınıf İçin Bunu Da Girebilirsiniz
1901	Menu	To finish entering data, click 'Close'.	Veri Girişini Tamamlamak İçin, 'Kapat'ı Tıklatın
1902	Menu	We have seen how to enter specifications for subjects, classes and classrooms. In the next part, we will see how to enter the teachers' names and lessons.	Biz Bu Bölümde Dersler, Sınıflar ve Derslikler İçin Belirleyeceğimiz Özelliklerin Nasıl Girileceğini Gördük. Bir Sonraki Bölümde, Öğretmenlere Ders Atamasının Nasıl Girileceğini Göreceğiz
1903	Menu	We use the command 'Teachers' from the 'Specification' menu to enter teachers and their lessons.	Öğretmenlere ve Dersleri Girmek İçin 'Genel Bilgiler' Menüsünden 'Öğretmenler' Düğmesini Kullanabiliriz
1904	Menu	Use the ‘New...’ button to enter a new teacher.	Yeni Bir Öğretmen Eklemek İçin 'Yeni' Düğmesini Tıklayın
1905	Menu	When we enter a new teacher, the program immediately offers us a dialog to enter his/her lessons. We use the 'New lesson' button to add a new lesson to his/her lessons.	Yeni Bir Öğretmen Girdiğimizde, Program Bize Seçtiğiniz Bu Öğretmene Dersler Girmemiz İçin hemen Bir İletişim Kutusu Sunar. Seçtiğiniz Öğretmene 'Yeni Ders' Düğmesine Tıklayarak Yeni Bir Ders Eklemek Mümkündür.
1906	Menu	Now we can inpuit the lessons. For each lesson you can input the following data :	İletişim Kutusu Görüntülenir ve Bunu Dersleri Girmek İçin Kullanabiliriz. Aşağıdaki Verileri Girebilirsiniz:
1907	Menu	1. The Teacher who teaches this lesson. We can use the ‘More teachers...’ button to select the next teacher, in case they teach this lesson together.	1. Hangi Öğretmenin Derse Gireceği Seçilir. 'Ortak Öğretmen' Düğmesini Tıklayarak Başka Bir Öğretmeni De Bu Derse Ekleyebiliriz, Bu Durumda Bu Dersi Ortak Verebilirler
1908	Menu	The program fills the Name cell because we will enter the lessons of this specific teacher. So we can now enter the Subject: e.g. Mathematics.	Bu Öğretmen Derslere Tek Başına Girecek, Program Öğretmen Adını Hücreye Yerleştirir. Şimdi Ders Seçebilirsiniz: Örneğin Matematik
1909	Menu	2. Class and its groups. We always add lessons for the groups. The whole class is also a group.	2. Sınıfı ve Onun Gruplarını Seçebiliriz. Her Zaman Gruplar İçin Dersler Ekleyebiliriz. Sınıfın Tamamı Da Bir Gruptur
1910	Menu	The program decides how to combine lessons of the different groups. There can only be lessons for groups from one division at the same time.	Program, Farklı Grupların Derslerini Nasıl Birleştirileceğine Karar Verir. Aynı Anda Sadece Bir Bölünmüş Grup İçin Ders Verilebilir
1911	Menu	In our example, we will input mathematics for the full 6A class.	Örneğimizde, 6-A Sınıfının Tamamı İçin Matematik Dersini Girmiş Olacağız
1912	Menu	3. Number of lessons in a week and their length. E.g. mathematics could be three times a week, length would be ‘Single’ lesson.	3. Dersin Haftada Kaç Kere, Kaç Ders Olduğunun Girilmesi. Örneğin Seçtiğimiz Matematik Dersi Haftada Bir Kez, Bir 'Tekli' Saat Olabilir
1913	Menu	If we create a multi-week timetable, it is possible to enter the cycles of the lesson.	Çoklu Haftalar İçin Ders Programı Oluşturulmak İstenir İse, Ders Döngülerini Girmekte Mümkündür
1914	Menu	4. Last entry is the classroom(s). The program assigns one of the permitted classrooms to each lesson during generation.	4. Son Giriş Derslik(ler) 'dir. Program, Ders Programını Oluşturulurken Her Ders İçin İzin Verilen Dersliklerden Birine Atar
1915	Menu	Select ‘Home’ classroom if the lesson should be taught in the home classroom.	Dersin, Sınıfın Kendi Dersliğinde Okutulması Gerektiğinde 'Sınıfın Dersliği'ni Seçin
1916	Menu	Select ‘Shared-room’ if you want to assign the lesson to one of the shared rooms.	Ortak Dersliklerden Birine Ders Atamak İstiyorsanız 'Ortak Dersliği' Seçin
1917	Menu	We can also specify other permitted classrooms for each lesson.	Siz De Her Ders İçin İzin Verilen Diğer Dersliklerden Herhangi Birini Seçebilirsiniz
1918	Menu	If all data for the lesson are correct, press 'OK'.	Ders İçin Tanımlanan Tüm Veriler Doğru İse, 'Tamam' Tuşuna Basın
1919	Menu	Do you want to see how to enter more complicated lessons? Let’s see, how would we enter a lesson that is divided into more groups or how do we join more than one class into one lesson?	Daha Karmaşık Derslerin Nasıl Girileceğini Görmek İster Misiniz? Haydi, Bir Ders Daha Fazla Gruba Nasıl Ayrılır veya Bir Ders İçine Birden Fazla Sınıfı Nasıl Girebilirsiniz? Görelim..
1920	Menu	Let’s enter ‘Physical education’ for the boys of 5A and 6A classes together.	Haydi, 5-A ve 6-A Sınıflarındaki Erkek Grublarını Bir Arada 'Beden Eğitimi' Dersi İçin Girelim
1921	Menu	Use the ‘Joint classes...’ button to join more groups from different classes and teach them together.	Farklı Sınıflardan Daha Fazla Grup Eklemek ve Bir Arada Ders İşlemelerini Sağlamak İçin 'Birleşik Sınıflar' Düğmesini Kullanın
1922	Menu	The last entry is specifying that Physical Education is three times a week. So we have just entered the Physical Education lessons for the boys of 5A and 6A together at the same time with one teacher.	Son Girişimizi, Beden Eğitimi Dersinin Haftada Bir Kez Bir (Tekli) Olduğunu Belirterek Yapacağız. Yani, Sadece Bir Öğretmen İle Aynı Anda 5A ve 6A Sınıfları Erkek çocukları İçin 'Beden Eğitimi' Derslerini Birlikte Girdiniz
1923	Menu	You ask, is it possible to enter lessons for a class that is divided into three groups?	Siz Sorun, Üç Gruba Ayrılan Bir Sınıf İçin Dersleri Girmek Mümkün Mü?
1924	Menu	Of course, it is. You can divide the class divisions when you enter data for classes. Each division can divide the form into unlimited different groups. Then you can enter different lessons for each group.	Tabii Ki, Mümkün. Sınıflar İçin Verileri Girdiğinizde Sınıfsal Bölünmeleri Kullanabilirsiniz. Her Bölümü Sınırsız Farklı Grup Formunda Bölebilirsiniz. Sonra Her Grup İçin Farklı Dersler Girebilirsiniz
1925	Menu	Would it be better to demonstrate it? So, here is the next example.	Bunu Görmek Daha İyi Mi Olurdu? Yani, Bundan Sonraki Örnek Bu Olacak
1926	Menu	We can enter e.g. Spanish. Spanish is divided into three groups: Advanced, Beginners 1 and Beginners 2.	Biz Örneğin İspanyolca Dersini Girebiliriz. Gelişmiş, Yeni Başlayanlar 1 ve Yeni Başlayanlar 2 Olmak Üzere İspanyolca Dersi Üç Gruba Ayrılır
1927	Menu	We enter the class and the subject.	Dersi ve Sınıfı Girin
1928	Menu	The 8A class is not divided into Advanced and Beginners yet. No problem, we just use the ‘Add division...’ button.	8A Sınıfı Henüz Gelişmiş, Yeni Başlayanlar1 Ve 2 Grublarına Ayrılmış Değildir. Hiç Sorun Değil, Bunun İçin Sadece 'Grup Ekle' Düğmesini Kullanabilirsiniz
1929	Menu	Program has offered us the Advanced group automatically, we just enter the 3 for three times a week, and double lesson for the length.	Program Bize, 3 Farklı Grup İçin Girişi Yapacağımız Gruplardan, Otomatik Olarak Sadece 'Gelişmiş' Grubu Teklif Etti, Bu Dersi Haftada Bir Kere, 'ikili' Ders Olarak Girelim
1930	Menu	We divide the 8A class into these three groups (Beginners 1 and 2, Advanced) only once. If the same teacher teaches the other two groups we can continue to enter the lessons for these groups.	Sadece Bir Kez 8A Sınıfını İçinde Bu Üç Grubu (Yeni Başlayanlar 1 Ve 2, Gelişmiş) Bölün . Aynı Öğretmen, Diğer İki Gruba Da Ders Öğretir. İstersek Bu Gruplar İçin Farklı Dersler Girmeye Devam Edebilirsiniz
1931	Menu	The program tries to predict which lesson you want to enter. It works; we really wanted to enter this lesson for Beginners 1. So now, we just click 'OK'.	Program Girmek İstediğiniz Dersi Tahmin Etmeye Çalışır. Gerçekten Bu İşe Yarıyor, Program 'Yeni Başlayanlar 1' İçin Bu Dersi Girmek İstedi. Şimdi, Sadece 'Tamam' I Tıklayın
1932	Menu	You have read carefully till now, so now we will show you a trick.	Şimdiye Kadar Dikkatle Okuduğunuzu Varsayarak, Size Programın Özel Bir Yeteneğini Göstereceğim
1933	Menu	You can also enter lessons from the keyboard. If you want to enter e.g. Mathematics, press the 'M' key. You will see Mathematics in the Subject window.	Klavyeyi Kullanarak Da Dersleri Girebilirsiniz. Örneğin Matematik Girmek İstiyorsanız, 'M' Tuşuna Basın. Ders Penceresinde Matematik'i Göreceksiniz
1934	Menu	We move to the next cell (Class:) by pressing the ‘Enter’ key. Here we enter the class specification. If you press ‘6’ the program selects class 6A. If you want 6B, press ‘6’ one more time.	'Enter' Tuşuna Basarak İmleci Bir Sonraki Hücreye 'Sınıf'a Taşıyın. Burada Sınıf Seçiminizi Girin. Eğer '6 'tuşuna Basarsanız Program '6A' Sınıfını Seçecektir. Eğer Bir Kez Daha '6'ya Basarsanız, '6B' Sınıfını Seçebilirsiniz
1935	Menu	This way, you can add new lessons, edit or remove existing lessons at any time.	Bu Yolla, Yeni Ders Ekleyebilir, Güncelleyebilir Veya Herhangi Bir Zamanda Varolan Dersleri Kaldırabilirsiniz
1936	Menu	To finish entering lessons, click 'Close'.	Ders Girişini Tamamlamak İçin, 'Kapat' ı Tıklatın
1937	Menu	The program offers the ‘Time off’ dialog for teachers. You can select the times a teacher can and can’t teach. E.g. you can select the time off for an external teacher, or you can forbid zero and first lessons for a teacher with young children, etc.	Program Burada Öğretmenler İçin 'Kapalı Zaman' İletişimini Sunuyor. Burdan Bir Öğretmeni Seçerek Ders Yapmayacağı Zamanı Belirleyebilirsiniz. Örneğin Başka Bir Öğretmen İçin De Kapalı Tutulacak Zamanı Seçebilir, Ya Da mesela küçük çocuğu, vb Durumu Olan İle Bir Öğretmen İçin Sıfır ve İlk Saatlerdeki Dersleri Yasaklayabilirsiniz
1938	Menu	As a next step we can select a specific color for this teachers and constraints for generating his schedule. We will demonstrate how to use 'Constraints'.	Öğretmenler İçin Özel Koşul Girişini 'Koşul Belrleme' Düğmesine Basarak Yapabiliriz. Bunu Yapabilmek İçin, Farklı Renklerle ifade Edilen Koşullar Belirleyebilirsiniz. Bu Seçimleri Yapmak Dışında Öğretmene Ait Farklı Sınırlamalar Da Getirebilirsiniz, Bunun İçin Size 'Kısıtlamalar' Bölümünün Nasıl Kullanılacağı Gösterilecektir
1939	Menu	Here we can select: maximum number of windows in a week, maximum number of workdays in a week, maximum number of consecutive periods without a break, and max. and min. number of lessons this teacher can teach in one day.	Burada Öğretmene Ait Şu Özellikleri Ayarlayabilirsiniz: Haftada En Fazla Toplam Kaç Boş Dersi Olacağı, Haftada En Fazla Kaç Gün Ders Verilebileceğini, Ara Vermeden Ardışık Kaç Ders Verebileceğini, Günde En Az/en Fazla Kaç Ders Vereceğini
1940	Menu	‘Limit number of days’ is different from the ‘Time off’ specification (blue checkmarks and red crosses). ‘Time off’ specifies the exact times a teacher can and cannot teach.	Öğretmenin Gün Sayısını Sınırlamak , 'Zaman Tablosu'nda Yer Alan (Mavi Soru İşareti 'Şartlı Ve Kırmızı Çarpı 'Uygun Olmayan' İşaretlerinden Farklıdır. 'Zaman Tablosu' Seçeneği, Bir Öğretmen İçin Eğitim Veremiyeceği Tam Saatleri Belirtmek Amacıyla Kullanılır.
1941	Menu	If we have an external teacher who teaches five lessons and should teach two days a week we use ‘Limit number of days’ and enter ‘2’. The program chooses which two days.	Eğer Haftada İki Gün Ve Beş Ders Derse Girecek Olan Bir Öğretmenimiz Var İse; Bu İletişimde 'Ders Günlerinin Sayısını Sınırla' Bölümüne '2' Ve 'Günde Alması Gereken Ders Sayısı' Bölümünü İşleyerek Bu Gün Ve Saatlerin Programın Tercihine Bırakacak Şekilde Seçilmesini Sağlayabiliriz
1942	Menu	We enter these specifications for each teacher individually. If we leave some parameters blank, the program will use the Global parameters entered for all teachers.	Tüm Öğretmenler İçin Bu Özellikleri Tek Tek Giriyoruz. Eğer Bazı Parametreleri Boş Bırakırsak, Program Tüm Öğretmenler İçin Tanımlanan Genel Parametreleri Kullanır
1943	Menu	We set up Global parameters in the ‘Parameters’ window from the ‘Timetable’ menu. We will demonstrate it later.	Tüm Öğretmenlere Ait Genel Parametreleri, 'Ders Programı' Menüsünde Yer Alan 'Parametreler' Düğmesiyle Ekrana Gelen İletişim Kutusundan Ayarlayabiliriz. Bununla İlgili Ayrıntılı Açıklamayı Daha Sonra İnceleyeceğiz
1944	Menu	We can change teachers' lessons during the creation of the timetable. We just select the teacher and click on the 'Lessons' button. We can also change lessons by choosing a Class and its Lessons.	Ders Programının Oluşturulması Sırasında Öğretmenlere Verilen Dersleri Değiştirebiliriz. Bunun İçin Sadece Öğretmeni Seçerek Ve 'Dersler' Düğmesini Tıklarız. Ayrıca Bir Sınıfı Ve Sınıfa Ait Dersleri Seçerek Dersleri De Değiştirebiliriz
1945	Menu	Working area of the program is divided into two parts : Timetable area and Area of pending cards.	Programın Çalışma Alanı İki Bölüme Ayrılmıştır: Ders Planı Alanı Ve Bekleyen Kartlar Alanı
1946	Menu	The list of pending cards is located at the bottom of the work area.	Bekleyen Kart Listesi Çalışma Alanının Alt Kısmında Yer Almaktadır
1947	Menu	The number on each card is equal to the number of similar pending cards.	Bu Alanda Her Kartın Üzerindeki Numara, Benzeri Bekleyen Kart Sayısına Eşittir
1948	Menu	You can use the buttons in the lower part of this area to display the following information: pending card for any class, pending card for any teacher, all pending cards.	Aşağıdaki Bilgileri Görüntülemek İçin Bu Alanın Alt Kısmında Bulunan Düğmeleri Kullanabilirsiniz: Herhangi Bir Sınıf İçin Bekleyen Kartı, Herhangi Bir Öğretmen İçin Bekleyen Kartı, Bekleyen Tüm Kartları
1949	Menu	To display the pending cards for a certain class, click on the title of that class’s row.	Belirli Bir Sınıf İçin Bekleyen Kartları Görüntülemek Maksadıyla, O Sınıfın Bulunduğu Satırın Başlığını Tıklatın
1950	Menu	If the class or the teacher is displayed in the work area then we can display their timetable.	Eğer Sınıf veya Öğretmen Çalışma Alanında Görüntülenirse, O Zaman Biz Onların Ders Programınızda Görüntüleyebiliriz
1951	Menu	The timetable is displayed in the upper part of the work area. Timetables for specific classes are in the rows.	Ders Programı Çalışma Alanının Üst Kısmında Görüntülenir. Belirlenen Her Sınıf İçin Ders Programında Satır Mevcuttur
1952	Menu	Cards in the timetable can be moved with the mouse.	Ders Programındaki Kartlar Fare İle Hareket Ettirilebilir
1953	Menu	Now, I will show you how to move cards.	Şimdi Size, Kartların Nasıl Taşındığı Gösterilecektir
1954	Menu	We can put a card in our hand with one click.	Biz Kez Tıklayarak, İstediğimiz Kartı Hareket Ettirmek Üzere Alabilirsiniz ve İstediğimiz Yere Koyabilirsiniz
1955	Menu	We have Music in our hand, as you can see if you move the mouse.	Elimizdeki Müzik Kartının, Eğer Fareyi Hareket Ettirirseniz, Ders Programı Üzerinde Hareket Ettiğini Görebilirsiniz
1956	Menu	When we move cards, the title of the column changes color. Green indicates an unused column, blue a question-marked column, red a used column and gray an unsuitable column.	Kartları Taşığımızda, Sütun Başlıkları Renk Değiştirir. Yeşil, Kullanılmayan Bir Sütunu Gösterir, Mavi Soru İşaretli 'Şartlı' Bir Sütunu, Kırmızı Kullanılmış Bir Sütunu ve Gri İse Uygun Olmayan Bir Sütunu Gösterir
1957	Menu	You can easily and quickly see where we can place the selected lesson.	Seçtiğiniz Dersin Nerede Olduğunu, Kolaylıkla Görebilir ve Hızlı Bir Şekilde Yerleştirebilirsiniz
1958	Menu	To move the card to another position, move the mouse and click the left button again. You don’t have to hold the mouse button down while you are moving the card.	Kartı Başka Bir Konuma Taşımak İçin Fareyi Hareket Ettirin ve Tekrar Sol Düğmeye Tıklayın. Kartı Hareket Ettirirken, Fare Tuşunu Basılı Tutmak Zorunda Değilsiniz
1959	Menu	Finished - we moved Music. It will be on Thursday, not on Monday.	Tamamlandı - Müzik Dersini Taşıdık. Artık Müzik Dersi Pazartesi Günü Değil, Perşembe Günü Olacak
1960	Menu	We will demonstrate this moving procedure once more.	Dersleri Hareket Ettirme Prosedürünü, Bir Kez Daha Göreceğiz
1961	Menu	We can select Nature Study, Class 5A, second lesson on Tuesday. Move the mouse a little bit. The color of the column title indicates that the 2nd or 3rd lessons on Monday are unused.	'Doğa Çalışması' Dersini, 5A Sınıfı İçin, Salı Günü İkinci Bir Ders Olarak Seçebilirsiniz. Fareyi Biraz Hareket Ettirin. Sütun Başlığının Rengi, Pazartesi Günü 2. veya 3. Derslerin Kullanılmadığını Gösterir
1962	Menu	Now we have the Geography card in our hand. Geography was the third lesson originally. We will try to place it now. Again, the column titles show the possible positions for Geography.	Şimdi Elimizde 'Coğrafya' Kartı Var. Coğrafya, Başlangıçta Üçüncü Dersteydi. Şimdi Yeni Yerine Yerleştirmeye Çalışacağız. Sütun Başlıkları Bu Sefer, 'Coğrafya' İçin Olası Pozisyonları Göstermektedir
1963	Menu	We probably will want to fill the window in Tuesday’s timetable but we cannot put the Geography card there.	Muhtemelen Ders Programında, Salı Günündeki Boş Pencereyi Doldurmak İsteyeceksiniz Ama Biz Oraya Coğrafya Kartını Koyamayız
1964	Menu	We will try to replace Mathematics with Geography.	Bunun Yerine, Coğrafya İle Matematik'i Değiştirmeye Çalışacağız
1965	Menu	Unfortunately, we cannot place Mathematics there either. We return Mathematics to its original position. So, we have Geography again. We will try to replace English with it.	Ne Yazık Ki Matematik Dersinin Yerine De Koyamayız. Matematik Dersini Eski Yerinde Bırakıyoruz. Elimizde Tekrar Coğrafya Dersinin Kartı Var. Şimdi İngilizce Dersiyle Yerini Değiştirmeye Çalışacağız
1966	Menu	Ok, this is possible.	Tamam,Olabilir
1967	Menu	If we try to place a card in a position that is already occupied the program will show us a menu.	Zaten Dolu Olan Bir Konuma, Kart Yerleştirmeye Çalışırsak, Program Bize Bunu Açılan Bir Menü İle Gösterecektir
1968	Menu	In this menu we can place the card or cancel the operation. If you choose to place the card, the colliding cards will be removed from the timetable. You then choose one of them to continue with.	Bu Menüde, Kartı Yerleştirebilir veya İşlemi İptal Edebilirsiniz. Eğer Kartı Yerleştirmeyi Seçerseniz, Çakışan Kartlar Ders Programından Silinecektir. Daha Sonra Devam Etmek İçin Bunlardan Birini Seçin
1969	Menu	Now that we have this Mathematics card in our hand, we can show you something else. We will try to place it in a forbidden position.	Şimdi Elimizde Bu Matematik Kartı Olduğundan, Size Başka Bir Şey Gösterebiliriz. Bu Kartı, Yasak Bir Konuma Yerleştirmeye Çalışacağız
1970	Menu	The program puts a red stripe on the card. This stripe indicates that this card is placed in a forbidden position.	Program Kartın Sağ Kenarına Kırmızı Bir Şerit Koyar. Bu Şerit, Söz Konusu Kartın Yasaklanan Bir Konumda Olduğunu Gösterir
1971	Menu	A white stripe indicates that there is no classroom for this card.	Beyaz Bir Şerit Bu Kart İçin Sınıf Olduğunu Göstermez
1972	Menu	Moving cards with the mouse works the same way as manual timetable (without the computer) creation but the program tells us about collisions and faults during creation.	Elle, Fare Hareketleri Sayesinde Kartları Yerleştirmek (Bilgisayar Olmadan), Ders Programıyla Aynı Şekilde Çalışır. Ama Program Bu Hareketler Sırasında Oluşan Hataları ve Çakışmaları Anında Bize Bildirir
1973	Menu	Next hint, you can use the right mouse button.	Sonraki İpucu, Sağ Fare Düğmesini Nasıl Kullanabileceğinizle İlgili
1974	Menu	One click of the right mouse button will activate the local menu for the card. You can lock, unlock, remove, or assign a classroom.	Sağ Fare Düğmesini Kartın Üzerinde İken Bir Kez Tıkladığınızda Kart Hakkında Bir Menü Açılacaktır. Bu Menüden Kartı Kilitleyebilir, Kilidini Açabilir, Silebilir veya Karta Sınıf Atayabilirsiniz
1975	Menu	We will show you how to lock a card. We can lock cards we don’t want the computer to move.	Bir Kartın Nasıl Kilitleneceğini Göstereceğim. Eğer Bilgisayarın Başka Bir Yere Taşımasını İstemiyorsanız, Kartları Kilitleyebilirsiniz
1976	Menu	We will choose a card, click the right mouse button and select the ‘Lock’ option from the menu. E.g. We have an external teacher for this subject who can only come at this specific time.	Bir Kart Seçerek, Farenin Sağ Düğmesini Tıklayıp ve Menüden 'Kilitle' Seçeneğini Seçebiliriz. Örneğin, Sadece Bu Belirlediğimiz Zamanda, Bu Ders İçin Gelebilen Harici Bir Öğretmenim Var Diyebiliriz
1977	Menu	Moving cards with the mouse works similarly like the manual timetable creation without the computer but we are notified about the collisions and faults during the creation.	Elle, Fare Hareketleri İle Kartları Yerleştirmek, Ders Planlama Programıyla Aynı Şekilde Çalışır. Ancak Program, Bu Hareketler Sırasında Oluşan Hataları ve Çakışmaları Anında Bize Bildirir
1978	Menu	Oh! I clicked the right button but selected ‘Remove’ instead of ‘Lock’.	Off! Sağ Düğmeye Tıkladığımda 'Kilitle' Yerine 'Sil'i Seçtim
1979	Menu	No problem. I will give you another hint. If you click with the right button on an unused position the program will offer you a list of possible cards for this position.	Problem Değil. Sana Başka Bir İpucu Vereceğim. Kullanılmayan Boş Bir Konumda Sağ Tuşu Tıklarsanız, Programı Bu Konum İçin Yerleştirilmesi Mümkün Kartların Bir Listesini Sunacaktır
1980	Menu	We click the right button, select ‘Hand Works’ and lock the card.	Sağ Tuşa Basıp Açılan Menüden 'Kilitle' yi Seçerek Kartı Kilitleriz
1981	Menu	Locked cards have got a diagonal gray stripe in the bottom right corner.	Kilitli Kartların Sağ Alt köşesinde, Çapraz Gri Bir Şerit Vardır
1982	Menu	So, those are the basics of working with the timetable. Finally, we would like to tell you about a couple of other things.	Bunlar Ders Planlama Programıyla İlgili Temel Çalışma Bilgileridir. Son Olarak, Başka Bir Kaç Şey Daha Anlatmak İstiyorum
1983	Menu	To select which classes and cycles are displayed use commands from the ‘View’ menu. E.g. You can choose to see the timetable for only Monday and Tuesday, or the first level of the school, etc.	Sınıflar ve Döngüleri Görüntülemeyi Seçmek İçin 'Görünüm' Menüsündeki Komutları Kullanın. Örneğin Sadece Pazartesi ve Salı Günleri İçin Ders Programını veya Okulun İlk Düzeyini Görmek vb. İçin Seçilebilir
1984	Menu	The ‘Undo’ and ‘Redo’ commands can be used to undo or restore recent operations. If you make a mistake and you want to undo the last operation, simply use the undo command. You don’t have to remember what the timetable looked like before that operation.	'Geri Al' (Ctrl+Z) ve 'Tekrarla' (Ctrl+Y) Komutları Son İşlemleri Geri Almak Ya Da Geri Yüklemek İçin Kullanılabilir. Eğer Bir Hata Yaparsanız ve Son İşlemi Geri Almak İsterseniz,'Geri Al' Komutunu Kullanın. Değişikliklerden Önce Ders Programının Neye benzediğini Hatırlamak Zorunda Değilsiniz
1985	Menu	It's important, that you would be always ready to easy solve the organizational changes. Using mousemoving the cards you can always react fast to any requested change.	Bu Özellik, Her Zaman Gereksinim Duyulabilen Organizasyonel Değişikliklerin Çözümünde Kolaylık Sağladığı İçin Önemlidir. Her Zaman ve Her İstendiğinde, Hızlı Tepki Verebilen Fareyi Kullanarak, Kartları Hareket Ettirebiliriz
1986	Menu	Welcome to the demonstration of the Timetable program. My name is Frank Schoolover, but you can call me ‘Schully.’ Press ‘Enter’ when you finish reading what I say.	Ders Planlama Programı Sunumuna Hoş Geldiniz. Benim Adım Aksakallı Dede, Ama Siz Bana Kısaca 'Dedeciğim' De Diyebilirsiniz. :) Ne Dediğimi Okumayı Bitirdiğinizde 'Enter' Tuşuna Basın.
1987	Menu	Ok, as you can see, it works. My job is to present the application, so I will be your tutor.	Tamam, Gördüğünüz Gibi İşe Yarıyor. Benim İşim Uygulamayı Sunmak, Bu Nedenle Senin Öğretmenin Olacağım
1988	Menu	This tutorial presentation is divided into several sections. You can choose the order of these sections. I believe that I can demonstrate basic information about this program to you clearly and understandably.	Bu Öğretici Sunum Çeşitli Bölümlere Ayrılmıştır. Bu Bölümlerden Dilediğinizi Seçebilirsiniz. Bu Sunum İle Açık ve Anlaşılır Bir Şekilde Size Bu Program Hakkındaki Temel Bilgileri Gösterebileceğimize İnanıyoruz
1989	Menu	I think now is the right time to show you how to enter information about Subjects, Classes and Teachers.	Dersler, Sınıflar ve Öğretmenler Hakkındaki Bilgilerin, Nasıl Girilebileceğini Size Göstermek İçin, Doğru Zaman Olduğunu Düşünüyoruz
1995	Menu	Absent	Devamsız
1996	Menu	Reason	Sebep
1997	Menu	Type of subst.	Ders Tipi
1998	Menu	January	Ocak
1999	Menu	February	Şubat
2000	Menu	March	Mart
2001	Menu	April	Nisan
2002	Menu	May	Mayıs
2003	Menu	June	Haziran
2004	Menu	July	Temmuz
2005	Menu	August	Ağustos
2006	Menu	September	Eylül
2007	Menu	October	Ekim
2008	Menu	November	Kasım
2009	Menu	December	Aralık
2011	Menu	Substitution	Değiştirme
2012	Menu	Reasons	Nedenleri
2014	Menu	lesson	Ders
2015	Menu	Welcome, this is the Timetable wizard. It helps you create the timetable.	Ders Programı Sihirbazına Hoşgeldiniz. Sihirbaz Ders Programı Oluşturmak İçin Bir Yardımdır
2016	Menu	You will enter the necessary information for your timetable in the following pages.	Sonraki Sayfalardan, Ders Programı İçin Gerekli Bilgileri Gireceksiniz.
2017	Menu	If you fill all data for the current page, press Next.	Eğer Geçerli Sayfadaki Gerekli Tüm Verileri Doldurduysanız, İleri Tuşuna Basın
2018	Menu	In case you need to correct or add already entered data, press Back to move to the previous page.	Daha Önce Tanımlanan Verileri Düzeltmek Ya Da Yeni Veriler Eklemek Gerekiyorsa, Bir Önceki Sayfaya Gitmek İçin Geri Tuşuna Basın
2019	Menu	Of course, you can change or add data, after you finish this Wizard too.	Elbette Bu Sihirbaz Programını Tamamladıktan Sonra Da Veri Değiştirebilir veya Yeni Veri Ekleyebilirsiniz
2020	Menu	Congratulation, you just create the new timetable.	Tebrikler, Yeni Ders Programını Oluşturdunuz
2021	Menu	Press Finish to finish the creation of the timetable. Then you can print the timetable or continue to adjust it.	Ders Programının Oluşturulmasını Tamamlamak İçin Bitir Tuşuna Basın. Sonra Ders Programını Yazdırmaya veya Ayarlamaya Devam Edebilirsiniz
2022	Menu	You use Wizard command in the Specification menu to start the Wizard. You can also find options to change subjects, classes teachers there. You can change all these data at any time.	Sihirbazı'nı Başlatmak İçin 'Genel Bilgiler' Menüsünde 'Sihirbaz' Düğmesini Kullanın. Aynı Menüden Dersler, Sınıflar ve Öğretmenleri Değiştirmek İçin Gerekli Seçenekleri De Bulabilirsiniz. İstediğiniz Zaman Tüm Bu Verileri Değiştirebilirsiniz
2023	Menu	You can find functions for the generating and the verification of the timetable in the Timetable menu.	Oluşturduğunuz Ders Program Menüsünde, Ders Planlama Programının Doğrulama ve Kontrol İşlevlerini Bulabilirsiniz
2024	Menu	You can also do some changes manually by moving cards in the timetable. The program will indicate the faults or collisions.	Ayrıca Kartlarını Elle Hareket Ettirebilir ve Bazı Değişiklikler Yapabilirsiniz. Program Hataları veya Çakışmaları Size Kontrol Bölümünde Gösterecektir
2025	Menu	Don't forget to read the manual. You can find there detail information about the program, the verification of entries and solutions and many other suggestions.	Kılavuzu Okumayı Unutmayın. Orada Program Girişlerini, Çözümlerini ve Diğer Birçok Öneriler İle Doğrulama Hakkında Detaylı Bilgiyi Bulabilirsiniz
2026	Menu	Program can place cards on 0th lessons. Check if your school has 0th lessons. It can simplify the generation.	Programa 0.(sıfırıncı) Derslerde Kart Yerleştirebilirsiniz. Okulunuzda Sıfırıncı (Birinci Saat Öncesi Etüt Dersi vb) Dersler Olup Olmadığını Kontrol Edin. Program Oluşturmayı Kolaylaştırabilirsiniz
2027	Menu	Program distributes lessons equably. E.g. If the lesson is taught twice a week, there has to be at least one-day gap between these two lessons.	Program Dersleri Aralıklı (Equably) Dağıtır. Örneğin Ders Haftada İki Saatlik Bir Ders İse, Bu İki Ders Arasında En Az Bir Gün Boşluk Olmalı
2028	Menu	Teacher %1 has more windows then allowed for one day.	Öğretmen %1 Bir Günde İzin Verilenden Daha Fazla Penceresi Var
2029	Menu	there are not free classrooms for complementary lessons.	Tamamlayıcı Dersler İçin Boş Derslik Yoktur
2030	Menu	more times on the question marked area than is allowed	Daha Fazla Kez Şartlı Alana İzin Verilir
2031	Menu	too many lessons, which require preparation.	Çok Ders Var, Hangisi Hazırlık Gerektirir
2032	Menu	two forbidden subjects in the row.	Üst Üste İki Yasaklı Konu/Ders
2033	Menu	two forbidden subjects in one day.	Bir Günde İki Yasaklı Konu/Ders
2040	Menu	Work done	Yapılan İş
2041	Menu	Substitutes	Yedekler
2042	Menu	Signature	İmza
2047	Menu	Test	Planlama Öncesi Kontrol
2048	Menu	Teacher	Öğretmen
2049	Menu	Class	Sınıf
2051	Menu	Testing was not successful. This is probably due to a failure in a specification. Do you wish to see the card that the program could not place? Note: The conflicts found in generating a complex schedule may not be obvious. So it could look like there is a good position for a card but that position can actually be in collision with another card, constraint or rule. To check the issue, place the card in the conflicting position and press the space bar to open the verification detail to see why the algorithm refused this position.	Planlama Öncesi Kontrol Başarılı Olamadı. Yerleşmeyen Kartları Görmek İstiyormusunuz ? Not: Bazen Öğretmen İle Öğretmene Ders Verilen Sınıfın Zaman Tabloları Zıt Zamanlı Olabiliyor. Test Bu Nedenler Başarılı Olamıyor Olabilir. Hataları Görebilmek İçin, Otomatik Planlama Penceresinde ( Taslak Planlama ) Başlatınız. Planlama Başarılı Olursa, Ana Menüden Planlama Sonrası Kontrol Butonuna Basarak Gevşetilen Koşulları İnceleyerek Nerede Hata Yaptığınızı Görebilirsiniz.
2052	Menu	Testing was successful.	Kontrol Başarılı
2053	Menu	Test class	Sınıf Kontrolü
2054	Menu	Situated on the wrong position.	Yerleşmiş Ders Saati Uygun Değil
2055	Menu	Situated on the question marked position.	Soru İşaretli (Şartlı) Yere Konumlanmış
2056	Menu	Do you wish to close demo? Note: Program will close.	Demoyu Kapatmak İstiyormusunuz ? Not: Program Kapanacak
2057	Menu	does not have to be distributed equably in the week.	Hafta İçinde Equably(Aralıklı?) Dağıtılması Zorunda Değildir
2058	Menu	doesn't fulfill the condition about the succession of the full and divided lesson.	Tam ve Bölünmüş Dersin Üst Üste Gelmesi, Hakkındaki Koşulun Yerine Getirilmemesi
2059	Menu	If you need to define only fortnight cycle (mostly for the elementary and the secondary grammar schools), we recommend you to create two groups (even week / odd week). The cycle command is advisable to use more for special schools with more complicated cycles. Do you want to use cycle?	Eğer Sadece Fortnight Döngüsü (Çoğunlukla İlköğretim ve İkincil Dilbilgisi Okullar İçin) Tanımlamak İçin İhtiyacınız Varsa, Size İki Gruplar (Hatta Hafta / Tek Hafta) Oluşturmak Tavsiye. Döngüsü Komut Özel Okullar İçin Daha Fazla Kullanılması Tavsiye Edilir Daha Karmaşık Döngüleri İle. Eğer Döngü Kullanmak İstiyormusunuz ?
2060	Menu	The week represents cells in the row from the left to the right. There is the stripe, that determines the number of weeks in the cycle, above the cells.	Hafta, Soldan Sağa Doğru Satırdaki Hücreleri Temsil Eder. Yukarıdaki Hücrelerde, Döngü İçindeki Hafta Sayısını Belirlerleyen Şerit Vardır
2061	Menu	Non-registered copy.	Kayıt Dışı Kopya
2062	Menu	The entered timetable specification is probably not completed. If you didn't enter the complete teachers data, you should realize, that the timetable needs not to exist. This program generates the complete timetable for classes, it starts from the 1st lesson (or the 0. lesson or the 2nd lessons if enabled). The algorithm needs not to have enough cards to generate the first lessons.	Tanımlanan Planlama Büyük İhtimalle Eksik. Eğer Öğretmenlerin Tam Bilgisini Girmediyseniz Bilmeniz Gerekir ki Planlama Oluşmayabilir. Bu Program Sınıfları İçin 1. Dersten Başlayarak Tam Planlama Yapar. (Ya Da 0. Ders Ya Da Etkin ise 2. Ders). Algoritmanın İlk Dersi Oluşturmak İçin Yeterli Karta İhtiyacı Vardır
2063	Menu	This application is not registered. Ask your seller for the updated version with the new features.	Bu Uygulama Kayıtlı Değildir. Yeni Özellikler ve Güncelleştirilmiş Sürümü İçin Bayinize Danışın
2064	Menu	Non-registered	Kayıt Dışı
2065	Menu	program	Program
2067	Menu	Program aSc Substitution receive registered users of aSc Timetables for free.	aSc k12 Bilişim Ders Planlama Programının Kayıtlı Kullanıcıları, aSc k12 Bilişim (Substitution) Değiştirme Programını Ücretsiz Olarak Alırlar
2068	Menu	Information about aSc Timetable software, as well as information about other products and activities of aSc company, we gladly provide you at the address :	aSc k12 Bilişim Ders Planlama Programı Yanısıra, K12 Bilişimin Sunduğu Diğer Programlara Bu Adresten Ulaşabilirsiniz:
2069	Menu	Nobody absent today	Bugün Kimse Yok
2070	Menu	Nothing to substitute	Değişiklik Bulunmuyor...
2071	Menu	Criteria	Kriterler
2073	Menu	Timetables	Ders Programı
2074	Menu	There are not defined any reasons of the absence.	Devamsızlık Sebebi Bilinmiyor
2075	Menu	There are not defined any types of the substitutions.	Yer Değiştirmelerin Türü Tanımlanmış Değildir
2076	Menu	Today's substitutions	Bugünün Değiştirmeleri
2077	Menu	Today's substitutions - Information for students	Bugünün Değiştirmeleri - Öğrenciler İçin Bilgiler
2078	Menu	Summary of substitutions	Değiştirmelerin Özeti
2079	Menu	Summary of absenting teachers	Yoksayılan Öğretmenlerin Özeti
2080	Menu	Last update	Son Güncelleme
2081	Menu	Open and set up timetable	Ders Programını Açmak ve Kurmak
2082	Menu	There is not selected timetable for the substitutions. If you want to add timetable to the list of substitution's timetables, press plus key or click on the plus button.	Değişimler İçin Ders Programı Seçilmemiş. Eğer Değişimler İçin Ders Programı Eklemek İstiyorsanız, Artı Tuşuna veya Artı Düğmesine Tıklayın
2083	Menu	The timetable file with the same name is already used for the substitutions. If you are sure, that they are the same files, you can continue. Do you want to replace it? Note. If you use the same timetable file for substitutions for more weeks of the cycle timetable, it's the same file, and you can replace it.	Aynı Adı Taşıyan Ders Program Dosyası, Zaten Daha Önce Yer Değiştirme İçin Kullanılmış. Onların Aynı Dosyalar Olduğundan Emin İseniz, Devam Edebilirsiniz. Bunu Değiştirmek İstiyormusunuz ? Not: Eğer Döngü Zaman Planının Hafta Daha İçin Oyuncu Değişikliği İçin Aynı Takvimi Dosyasını Kullanırsanız, Aynı Dosya Var, Ve Bunu Değiştirin Olabilir.
2084	Menu	Today's absenting teachers.	Bu Günün Öğretmenleri Devamsızlar
2085	Menu	Enter the date, the timetable is valid from:	Tarihi Girin, Ders Programı Bu Tarihten İtibaren Geçerlidir:
2087	Menu	Information for students	Öğrenciler İçin Bilgiler
2088	Menu	Unfortunately, following teachers will not teach today:	Ne Yazık Ki, Aşağıdaki Öğretmenler Bugün Öğretimde Değil:
2090	Menu	Who substitute	Görev Verilen
2091	Menu	and	ve
2092	Menu	Page is printed	Sayfayı Yazdır
2094	Menu	%d week	%d Hafta
2095	Menu	When	Ne Zaman
2096	Menu	No.	No.
2098	Menu	Cancelled	İptal Ediliyor
2099	Menu	Note	Not
2100	Menu	Name	Adı
2102	Menu	Valid from	Geçerlilik
2103	Menu	Name of the timetable	Ders Programı Adı
2104	Menu	Name of the teacher	Öğretmen Adı
2105	Menu	Print / Substitute	Yazdır / Substitute
2107	Menu	Can be joined	Birleştirilebilecek
2108	Menu	There is not selected timetable for the substitution. Press the Plus button in the left part of the display to add the timetable.	Yer Değiştirme Yapmak İçin Seçilen Ders Programı Yok. Ders Programı Eklemek İçin Ekranın Sol Kısmındaki Artı Düğmesine Basın
2109	Menu	If the timetable changes during the academic year, you can use the Plus button to add new timetables for the substitutions. When you add new timetable, you have to select the time of validity of the timetable. Program will use this timetable from the date of validity till the validity date of the next timetable. If you have got a week cycle, you have to select the timetable for every week of year and select the week cycle.	Eğer akademik yıl içerisinde ders programı değişirse, artı butonunu kullanarak yeni ders programı oluşturabilirsiniz. Yeni ders programı eklediğinizde bu programın geçerli olacağı günü belirlemeniz gerekir. Bu ders programı geçerli olacağı günden itibaren bir sonraki ders programınının geçerli olacağı güne kadar kullanılacaktır. Eğer haftalık bir döngünüz varsa ders programını yılın her haftası için seçip haftalık döngüyü seçmelisiniz
2110	Menu	Unknown reason	Nedeni Bilinmiyor
2111	Menu	Unknown type	Sebep Belirtilmedi
2112	Menu	Enter the timetable for substitutions first. You can do it, if you press the green Plus button, next to Timetable title and under the picture of the red man, that represents Absenting teachers.	Önce yerdeğiştirmeler için programa giriş yap. Eğer program başlığının yanında ve gelmeyen öğretmenleri gösteren kırmızı adam resminin altındaki yeşil artı düğmesine basarsan bunu yapabilirsin.
2114	Menu	Summary of Substitutors	Değiştirmelerin Özeti
2115	Menu	Do you really want to remove reason?	Sebebi Gerçekten Kaldırmak İstiyormusunuz ?
2116	Menu	Do you really want to remove Type of substitution ?	Değiştirme Tipini Kaldırmak İstiyormusunuz ?
2117	Menu	Program removes all substitutions for this teacher, that other teachers do. Do you want to continue ?	Program, Bu Öğretmen İçin Diğer Öğretmenlerle Yaptığı Tüm Yer Değiştirme Değişikliklerini Kaldıracak. Devam Etmek İstiyormusunuz ?
2118	Menu	Do you really want to remove the timetable ? Program will have to remove all substitutions for the period of validation of this timetable. Do you want to continue ?	Programı gerçekten kaldırmak istiyor musun? Program bu ders planının tüm yer değiştirmeler için geçerliliğini kaldırmak zorunda kalacak. Devam etmek istiyor musun?
2119	Menu	aSc Substitution	aSc Substitution
2120	Menu	The program verifies the specifications of the timetable, before it starts to use this timetable. If there any differences ( comparing to substitution data) appear, program offers the option to continue, there is always another choice to cancel this timetable, and use the previous timetables.	Bu program bu ders planını kullanmadan önce değiştirmeleri onaylar. (Yer değiştirme bilgilerini karşılaştırırken ) farklılıklar olursa program devam etme seçeneğini sunar. Her zaman bu programı iptal için başka bir seçenek vardır ve önceki ders planlarını kullan.
2122	Menu	In the left area, there is the list of lessons, that is necessary to substitute today. If you click on some row of this list, it displays the timetables of the teachers, who could possibly substitute this lesson. To select the substituting teacher, double-click his line.	Sol alanda bugün yer değiştirmek için gerekli Olan ders listeleri var. listedeki bazı dizilerde/sıralarda tıklarsan, ders değişikliği yapan öğretmenlerin programlarını gösterir. öğretmen değişikliğini seçmek bu sıraya çift tıkla
2123	Menu	You can set for each teacher : 1, if he/she could substitute or if you want to prin this teacher in summary reports. 2. Time off and duties. If you click on this icon, the teacher's timetable will be displayed. In this timetable you can define teacher's duties and time off for each lesson of the week.	Eğer öğretmen dersini değiştirebilir ya da özet raporlarda bu öğretmeni basmak istersen, her bir öğretmen için kurulum yapabilirsin. Tatil ya da görevler, Eğer bu simgeye tıklarsan öğretmenin tablosu gözükecektir. Bu tabloda haftalık her bir ders için öğretmenin görevlerini ve tatillerini tanımlayabilirsin.
2124	Menu	You can set for each subject, if it could be joined. To switch this option on, click the icon in the column "Can be joined".	Eğer birleştirilebilir ise, her bir ders İçin kurulum yapabilirsin. Bu seçeneği açmak için "Can be joined" bölümündeki İkonu tıklat.
2125	Menu	You can set the type of the substitution for each one. You can define your own types of substitution. E.g. paid, unpaid, joined, etc. To add the type of the substitution, use the plus button, to remove it, use the minus button. To edit the type of the substitution, double click on the name of the type.	Her biri için değiştirme türünü kurabilirsin. Yer değiştirme için kendi türlerini tanımlayabilirsin. Mesela, ödenmemiş, birleştirilmiş gibi. Bu değişiklik türünü eklemek için artı düğmesini kullan. Çıkarmak için eksi düğmesini kullan. Bu değişiklik türünü düzenlemek için türün adının üstüne çift tıkla.
2126	Menu	You can set the reason of the absence of each teacher or lesson for each absence. You can define your own reasons of the absence. To add the reason of the absence, use the plus button, to remove it, use the minus button. To edit the reason of the absence, double click on the name of the reason.	Her bir dersin devamsızlık ya da öğretmenin devamsızlığı için sebep oluşturabilirsin. Devamsızlıklar için kendi sebeplerini tanımlayabilirsin. Devamsızlık sebebi eklemek için artı düğmesini çıkarmak için eksi düğmesini kullan. Devamsızlık nedeni düzenlemek için sebebin adının üzerine çift tıkla.
2128	Menu	Today substitutions	Bu Günün Değişikleri
2133	Menu	Reason of absence	Devamsızlık Nedeni
2134	Menu	type of substitution	yerdeğiştirme Türü
2135	Menu	Timetables of teachers	Öğretmenler İçin Ders Programı
2136	Menu	Timetables of classes	Sınıflar İçin Ders Programı
2137	Menu	Timetables of Classes	Sınıflar İçin Ders Programı
2138	Menu	Zoom out	Uzaklaştır
2140	Menu	He/she absented:	Devamsız
2141	Menu	Cancelled:	İptal Ediliyor:
2142	Menu	Substituted:	Yerine:
2143	Menu	Total	Toplam
2144	Menu	Export absenting and substituting	Devamsızları ve Değişikliklere Aktar
2145	Menu	Export of summaries	Özetleri Aktar
2146	Menu	Following day	Takip Eden Gün
2147	Menu	Previous day	Önceki Gün
2148	Menu	Add (Enter, +)	Ekle (Enter, +)
2149	Menu	Remove	Sil
2150	Menu	Each row represents one type of the print. To choose printing on printer, click on the printer icon in the row. To see print preview, click on the print preview icon.	Her bir sıra baskının bir tipini gösterir. Yazıcıda basımı seçmek için satırdaki yazıcı ikonu üzerine tıkla. Baskı önizlemeyi görmek için baskı önizleme ikonu tıkla.
2152	Menu	To move to another date, click the right button of mouse.	Başka Bir Tarihe Gitmek İçin, Farenin Sağ Düğmesine Tıklayın
2153	Menu	He/she cannot	Yapamaz
2161	Menu	-	-
2162	Menu	-	-
2163	Menu	It is not possible to open timetable.	Bu Ders Programını Açmak Mümkün Değil
2164	Menu	Please, enter the reason of absence.	Lütfen, Yokluğun Nedenini Giriniz
2165	Menu	Please, enter who is absenting.	Lütfen, Kim Yok İse Girin
2166	Menu	Selected file is not valid timetable file.	Seçilen dosya bir ASC data dosyası değil.
2168	Menu	There is timetable for this day: There is already another timetable, that starts at same date as this timetable.	Bugün için ders tablosu var. Ders programı olarak aynı tarihte başlayan bir program zaten var.
2169	Menu	Enter the name of the timetable	Ders Programının Adını Girin
2170	Menu	Wrong groups!	Yanlış Gruplar!
2172	Menu	Priority	Öncelik
2173	Menu	Do not consider	Düşünmüyoruz
2174	Menu	Do you want to quit the program?	Programdan çıkmak İstiyormusunuz ?
2175	Menu	File supl\\main.spl is damaged! Call the hotline of your seller.	Supl\\main.spl dosyası hasarlı. Lütfen aSc Türkiye ile iletişime geçiniz.
2176	Menu	Column	Sütun
2180	Menu	No type defined!	Türü Tanımlı Değil!
2181	Menu	Defined times are not valid.	Tanımlanmış Zamanlar Geçerli Değil
2182	Menu	This lesson is not OK.	Bu Ders Tamam Değil
2183	Menu	To add the timetable, it is necessary to remove all substitutions for the valid period of the timetable. Do you want to continue?	Zaman çizelgesini eklemek için zaman çizelgesinin geçerli dönemini için tüm değiştirmeleri çıkar.
2184	Menu	Added timetable contains new classes :	Eklenen Ders Programı Yeni Sınıflar İçerir:
2185	Menu	If you only changed name of the class, program will assume that, there are two different classes. Do you want to continue?	Eğer sınıfın adını değiştirdiysen, program bunu kabul edecektir. İki farklı sınıf var. Devam etmek istiyor musun?
2186	Menu	New teachers : \	Yeni Öğretmenler : \
2187	Menu	If you added new teacher into existing timetable, everything is OK and you can continue. If you just changed the name of one teacher in the new timetable, program will count this teacher twice like two different teachers. Do you want to continue?	Eğer varolan zaman çizelgesine yeni öğretmen eklediysen herşey tamam ve devam edebilirsin. Eğer tabloda sadece öğretmen adını değiştirdiysen program bu öğretmeni iki farklı öğretmen olarak sayacaktır. Devam etmek istiyor musun?
2188	Menu	The timetable does not contain following teachers :	Ders Programı Aşağıdaki Öğretmenleri İçermiyor:
2189	Menu	You cannot use them for substituting, when this timetable is valid. Do you want to continue?	Bu zaman çizelgesi geçerli olduğu zaman bunları yer değiştirmeler için kullanamazsın. Devam etmek istiyor musun?
2190	Menu	There is opposite dependence for the Exhaustion criterion. Teacher, who would teach more consecutive periods than they have permitted, receive handicap, that equals to the value of the criterion Exhaustion.	Bitirme kriterleri için zıt bağlılık var. İzin verilenden daha fazla peş peşe ders verecek öğretmen, bitirme kriterlerinin değerine eşit engel alır.
2191	Menu	In the standard setting, there is value of criterion Joining higher then value of Approbation criterion, and so the program finds first the teacher, who can join the lesson. The next is the teacher, who has approbation to substitute this lesson.	Standart kurulumda, onaylama kritelerinin değerinden daha yüksek birleştirme kriteri değeri var, ve bu yüzden program dersi birleştiren ilk öğretmeni bulur. Sonraki bu dersi değiştirmek için onaya sahip olan öğretmendir.
2192	Menu	If the substitution fills the window in the teacher's timetable, he/she receives automatically the number of points, that equals to value of the Placing criterion. If we create window in the teachers timetable, the program deduct number of points, that equal to value of criterion multiplied by length of the window.	Eğer değişiklikler öğretmenin zaman çizelgesindeki pencereyi doldurursa, öğretmen otamatik olarak yerleştirme kriterlerine eşit noktaların sayısını alır. Eğer öğretmenin zaman çizelgesinde pencere açarsak, program pencerenin uzunluğu ile çarpılmış kriterlerin değerine eşit noktaların sayısını azaltır.
2193	Menu	We can set up for each teacher individually, when he/she can substitute, or when he/she has got the substituting duty. You can add this specification or you can use time offs and duties from the existing timetable.	Öğretmen yer değiştirme yapabilirse, her bir öğretmen için bireysel kurum yapabiliriz. Veya öğretmen değiştirme görevine sahip olduğunda. Bu belşrlemeyi ekleyebilirsin ya da zaman çizelgesinden görevleri ve izinleri kullanabilirsin.
2194	Menu	So if you start to use before defined substitutions timetable (e.g. after the graduation's week, when there was special timetable for this week), you won't have to define duties and time offs again.	Bu yüzden zaman çizelgesinde tanımlamadan önce kullanmaya başla. (Örneğin mezuniyet haftasından sonra bu hafta için özel bir zaman çizelgesi vardı ) görevleei ve tatilleri yeniden tanımlamak zorunda kalmayacaksın.
2195	Menu	You can select the concrete teacher, the program offers you the list of available teachers. The most eligible candidates are on the top of the list. To see more detailed description of criteria. press the button - Criteria description.	Somut bir öğretmen seçebilirsin , program uygun öğretmenlerin listesini sunar.en uygun adaylar listenin başında olur. Kriterlerin daha detaylı tanımını görmek için criteria description / kriter tanımı düğmesine bas.
2196	Menu	You can set the value of each criterion. The higher the value of the criterion, the more eligible candidate is. The program lists the teachers for the substitution, the most eligible on the top, the least ones on the bottom.	Her kriterin değerini kurabilirsin. Kriterin feğeri ne kadar yüksek olursa daha uygun adaylar olur. Program değişikler için öğretmenleri listeler, en uygun olanlar başta , en az uygun olanlar en altta.
2197	Menu	Statistics for this month:	Bu ay İçin İstatistikler:
2198	Menu	Class teacher	Sınıf Öğretmeni
2199	Menu	He/she is not the class teacher	Sınıf Öğretmeni Değil
2200	Menu	January	Ocak
2201	Menu	February	Şubat
2202	Menu	March	Mart
2203	Menu	April	Nisan
2204	Menu	May	Mayıs
2205	Menu	June	Haziran
2206	Menu	July	Temmuz
2207	Menu	August	Ağustos
2208	Menu	September	Eylül
2209	Menu	October	Ekim
2210	Menu	November	Kasım
2211	Menu	December	Aralık
2214	Menu	Note for the day	Gün İçin Not
2215	Menu	Unused classrooms	Kullanılmayan Derslik
2217	Menu	Teachers list	Öğretmenler Listesi
2218	Menu	Contracts	Sözleşmeler
2219	Menu	Color	Renk
2220	Menu	The teacher is absenting for a longtime period. If you remove this absenting teacher, you also remove him/her for the entire defined period of the time. Do you want to continue?	Öğretmenin devamsızlığı bir dönem için uzun sürelidir. Eğer devamsız öğretmeni çıkarırsan bu öğretmeni tüm tanımlı dönemden çıkarısın. Devam etmek istiyor musun?
2221	Menu	Timetable successfully exported !	Ders Programı Başarılı Olarak Aktarıldı!
2222	Menu	HTML pages were placed in the Export directory.	HTML sayfaları export yönetimine yerleştirildi.
2226	Menu	Difficult subject	Zor Ders
2237	Menu	Beginners	Yeni Başlayanlar
2239	Menu	Advanced	Gelişmiş
2245	Menu	physics laboratory 1	Fizik Labarotuvarı 1
2247	Menu	PhL1	FizL1
2252	Menu	Peter Smith	Mehmet Ali
2275	Menu	Beginners 1	Yeni Başlayanlar1
2277	Menu	Beginners 2	Yeni Başlayanlar 2
2291	Menu	Once you enter all lessons and other organizational specifications, you can start to generate the timetable. Use the 'Generate new' command from the 'Timetable' menu.	Tüm Dersleri ve Diğer Kurumsal Özellikleri Girdikten Sonra, Artık Ders Programı Oluşturabilirsiniz. Bunun İçin 'Ders Programı' Menüsünden 'Otomatik Planlamayı Başlat' Düğmesini Kullanın
2292	Menu	There are some lessons already placed in our schedule, so we will remove them now.	Bu Programda, Bizim Zamanlaması Olan ve Yerleştirilen Bazı Derslerimiz Zaten Mevcut, Bu Nedenle Şimdi Bunları Sileceğiz
2294	Menu	OK, now the timetable is absolutely blank. We would start under these conditions in the beginning of the academic year. So we can start to generate now.	Tamam, Şimdi Ders Program Çizelgesi Kesinlikle Boşaldı. Akademik yılın Başında Ders Programı Hazırlarken, Bu Koşullarda Başlamak İstiyorum. Öyleyse Şimdi Yeni Ders Programı Oluşturmak İçin Başlayabiliriz
2295	Menu	Now the program solves the timetable problem the same way it would if you had chosen the ‘Generate’ command from the ‘Timetable’ menu. It works the same way and at the same speed.	Şimdi Program, Ders Program Sorununu 'Ders Programı' Menüsünden 'Otomatik Planlamayı Başlat' Komutu Seçmiş Olsaydık Aynı Şekilde Çözecekti. Bu Da Aynı Şekilde ve Aynı Hızda Çalışır
2296	Menu	During the generating process the program displays a dialog box showing the information about the progress of the generation.	Ders Programını Oluşturma Sürecinde Program, Üretimin İlerlemesi Hakkında Bilgiler Gösteren Bir İletişim Kutusunu Görüntüler
2297	Menu	The progress of the generation is displayed by the upper blue progress bar. You can also see the graph of the progress on the right and some other statistical information.	Üretimin İlerlemesi, Üstte Mavi İlerleme Çubuğuyla Gösterilir. Ayrıca Sağda, Diğer Bazı İstatistiki Bilgilerin İlerleme Grafiğini Görebilirsiniz
2298	Menu	Press ‘Enter’ and wait for the program to finish generating.	Enter'a Basın ve Planlamanın Tamamlanmasını Bekleyin
2299	Menu	The generating has finished.	Üretim Tamamlandı
2300	Menu	You can see that there are no cards in the ‘pending card’ area. The program has created a complete new timetable.	'Beklemedeki Kart' Alanında, Hiç Bir Kartın Olmadığını Görebilirsiniz. Program, Tamamen Yeni Bir Ders Programı Oluşturdu
2301	Menu	Of course, this timetable is probably not yet perfect. Still, the program has created a timetable which follows our requirements.	Elbette, Bu Ders Programı Muhtemelen Henüz Mükemmel Değil. Yine De, Program Bizim Gereksinimlerimizi Takip Ederek Bir Ders Programı Oluşturdu
2302	Menu	Let’s ask the algorithm what it has created.	Yapımcısına, Oluşturduğu 'algoritmada Neler Var?' Diye Sorayım
2303	Menu	Good Morning. I’m the generating algorithm and I would like to tell you something about my job.	Merhabalar. Ben Algoritma Üreticisiyim ve Sana Kendi İşim Hakkında Bir Şeyler Söylemek İstiyorum
2304	Menu	As you have already mentioned, the command “Generate new timetable’ starts to generate a timetable which fulfills all the conditions we entered. These conditions can be explicit and implicit.	Seninde Söylediğin Gibi, 'Yeni Ders Programı' Komutu Girdiğimiz Tüm Koşullara Uygun Olarak Ders Programını Oluşturur. Bu Koşullar Açık ve örtülü Olabilir
2305	Menu	Implicit conditions are those you don’t have to enter, they are always considered. The implicit conditions are as follows:	Örtülü Olan Koşulları Girmek Zorunda Değilsiniz, Onlar Her Zaman Geçerlidir. Örtülü Koşulları Aşağıdaki Gibidir:
2306	Menu	Lessons have to be distributed equably. E.g. a subject that is taught five times a week has to be every day.	Derslerin Eşit Olarak Dağıtılması Gerekir. Örneğin Beş Kartlık Bir Ders, Her Gün Olmalıdır.
2307	Menu	There can be no windows (time without lessons) in the students’ timetables.	Öğrencilerin Ders Programında Açık Pencere (Ders Olmayan Boş Zaman) Olamaz.
2308	Menu	A class’s lessons have to be distributed equably. A class cannot have eight lessons one day and five on another day.	Bir Sınıfın Derslerinin Eşit Dağıtılması Gerekir. Bir Sınıfın Bir Gün Sekiz ve Başka Bir Gün Beş Dersi Olamaz.
2309	Menu	I cannot assign a lesson to a position where no permitted classroom is available.	Hiçbir İzini Olmayan Herhangi Bir Sınıftaki Bir Konuma Ders Atayamam
2310	Menu	And what about explicit conditions ?	Peki Açık Koşullar Nelerdir?
2311	Menu	Hm. Explicit conditions are conditions that you can switch on or off.	Hmm. Açık veya İsterseniz Kapatabileceğiniz Koşullardır
2312	Menu	An example of an explicit condition is the equable distribution of lessons over the week. A lesson that is taught twice a week cannot be assigned on two consecutive days.	Açık Durumun Bir Örneği, Hafta Boyunca Derslerin Dengeli Dağılıtılmasıdır. Haftada İki Kez Öğretilen Bir Ders, İki Gün Üst Üste Verilemez
2313	Menu	Likewise, a lesson taught three times a week cannot be placed on three consecutive days.	Aynı Şekilde, Haftada Üç Saat Olan Bir Ders Üç Gün Üst Üste Yerleştirilemez
2314	Menu	I’m sorry, I have a question. How do you deal with divided lessons?	Özür Dilerim, benim Bir Sorum Var. Bölünmüş Dersler Nasıl Yerleştirilmeli?
2315	Menu	No problem. You’ve already told us that lessons are entered for groups, so I can combine lessons for groups in the same division.	Problem Değil. Gruplara Derslerin Nasıl Girileceğini Zaten Anlattık, Bu yüzden Aynı Bölümdeki Gruplar İçin Dersleri Birleştirebilirsiniz.
2316	Menu	Also, sometimes it’s better if one group has the 6th lesson and the other group finishes after the 5th. It can be switched for the next day.	Ayrıca, 5. Dersten Sonra 6. Dersi Bitiren Bir Grup Varsa Bazen Daha İyi Olur. Ertesi Güne Geçilebilir
2317	Menu	Do you also have to fulfill other conditions when you create the timetable?	Ders Programı Oluşturulurken, Diğer Şartları Yerine Getirebilir Mi?
2318	Menu	Yes, there are many more.	Evet, Hatta Daha Fazlasını
2319	Menu	E.g. there are Teacher’s conditions. The user can define conditions for each teacher. He can define when the teacher can, and cannot, come to school.	Örneğin Öğretmen Koşulları Tanımlayabilirsiniz. Söz Konusu Öğretmenin Okula Gelebileceği veya Gelemiyeceğini Zamanları Tanımlayabilirsiniz
2320	Menu	I have to fulfill these conditions. You would not believe what kind of conditions people can enter.	Tüm Bu Koşulları Yerine Getirmek Zorundayım. İnsanların Ne Tür Koşullar Girdiğine İnanamazsınız
2321	Menu	What about windows in the teachers' timetables?	Öğrentmenlerin Ders Programındaki Pencere Sayısı Ne Olacak?
2322	Menu	You can select the maximum number of windows per week and per day.	Haftalık ve Günlük En Fazla Boş Ders Sayısını Seçebilirsiniz
2323	Menu	Does that mean that I can enter that four external teachers have zero windows, two teachers have max. one window, and the rest have max. four windows per week?	Dört Harici Öğretmeni Sıfırıncı(Hazırlık Saati) Derslere Girebileceğim Anlamına mı Geliyor, İki Öğretmenin Haftada En Fazla Bir Boş Penceresi (Dersi), ve Geri Kalanın Dört Penceresi Mi Var?
2324	Menu	Exactly. And you can also allow somebody to have six windows per week but he/she can have max. two windows per day.	Kesinlikle. Ayrıca Siz Birine, Haftalık Altı Boş Ders İçin İzin Verebilirsiniz, Ama Ona Günde En Fazla İki Boş Ders Verilebilir
2325	Menu	You can also set the maximum consecutive periods that one teacher can teach.	Ayrıca Bir Öğretmenin Öğretebileceği En Fazla Ardışık Periyotları Ayarlayabilirsiniz
2326	Menu	Otherwise, it could happen that somebody would teach ten consecutive periods and after three weeks he/she would end up in the hospital.	Aksi Halde Birileri Ardarda On Periyot (Ders) Öğretim Yapar ve Üç Hafta Sonra Hastaneye Düşebilir
2327	Menu	Or in the madhouse.	Ya Da tımarhaneye
2328	Menu	You said that. The point is that teachers would not be exhausted and all his/her lessons would have the same quality.	Senin Söylediğin Şu. Bu Öğretmenlerin Yorgunluk Noktası Olmayacağını ve Aynı Kalitede Ders İşleyebileceklerini İfade Ettin
2329	Menu	And how do you place subjects?	Ve Dersleri Nasıl Yerleştirebilirim?
2330	Menu	The user can define when each subject or group of subjects can be taught.	Kullanıcı Her Dersi Ya Da Derslerin Öğretileceği Grupların Ne Zaman Olacağını Tanımlayabilir
2331	Menu	It is possible to set that e.g. mathematics cannot be on the 5th and 6th lessons. I have to obey this criterion.	Örneğin Matematik Derslerinin 5. ve 6. Saatlerde Yer Almamasını Belirlemek Mümkündür. Bu Şarta Uyulmasının Zorunlu Olmasını İstiyorum
2332	Menu	Of course. But it is still acceptable when just one mathematics lesson is in the 5th position but not two in one class. Can you do this?	Elbette. Ama Bu Sadece Bir Matematik Dersinin 5. Konumda Olabileceğini Ama Bir Sınıfta İkinci Bir 5. Saatte Matematik Dersinin Olmayacağını. Bunu Yapabilir Misin?
2333	Menu	Sure. You can set the 5th lesson as question marked and you can set only one mathematics lesson on the question marked position.	Tabii. Matematik Dersi İçin 5. Saat Derslerini Şartlı (soru İşaretli) Olarak İşaretler ve Bunlardan En Fazla Bir Tanesinin Verilebilmesini Ayarlayabilirsiniz
2334	Menu	You can also specify which subjects require home preparation.	Ayrıca Derslerin ev Hazırlığı Gerektirdiğini Belirtebilirsiniz
2335	Menu	I have to take care that no class would have too easy or too difficult days.	Çok Kolay veya Çok Zor Hiç Bir Sınıfın Olmayabileceğine Dikkat Etmeliyim
2336	Menu	I like it. The last question about conditions - the succession of full and divided lessons.	Bunu Sevdim. Tam ve Bölünmüş Derslerin Ardarda - Gelme Koşullarıyla İlgili Son Bir Soru
2337	Menu	Yes, I have to respect this condition if you switch it on. I don’t place a lesson for only one group between two whole-class lessons.	Evet, benim Geçtiğiniz Bu Duruma Karşı Saygım Var. Ben İki Sınıfın Tüm Dersleri Arasına Yalnızca Bir Grup İçin Bir Ders Koymam
2338	Menu	You can also set that group lessons and whole-class lessons should not be taught on the same day.	Ayrıca Grup Derslerinin ve Tüm Sınıf Derslerinin Aynı Gün Öğretilmesi Gerektiğini Ayarlayabilirsiniz
2339	Menu	The very last question. E.g. Spanish and German language lessons cannot be placed in the same day in an elementary school so the children won’t be too confused.	Son Bir Soru. Örneğin çocukların Çok Karışık Olmayacakları Bir İlköğretim Okulu'nda, Aynı Gün İspanyolca ve Almanca Dil Dersleri Yerleştirilemesin
2340	Menu	Yes, you can define that certain subjects cannot follow each other, or that they cannot be placed in the same day. There are many other similar conditions that you can set up in the ‘Card relationships’ dialog.	Evet, belli Derslerin Birbirini Takip Edemeyeceği, Ya Da Aynı Gün Yer Alamayacağı Tanımlanabilir. 'İlişkiler' İletişim Kutusunda Buna benzer Birçok Koşul Vardır
2341	Menu	I hope, that's all about conditions.	Umarım, Tüm Koşullar Bunlar Hakkındadır
2342	Menu	No, it’s not. You can e.g. allow classes to start on the second lesson or forbid zero lessons for each class and much more.	Hayır, O Değil. Örneğin İkinci Ders veya Sıfırıncı (Hazırlık) Dersleri Her Sınıfı ve Çok Daha Fazlası İçin Yasaklı Sınıfları Ayarlayabilir
2343	Menu	But I’d rather finish because I don’t want to tire you too much. How many lessons in a row can you teach?	Ama Koşulları Çok Fazla Esnetmeyi Değil, Bitirmeyi İstiyorum. Bir Satırda Kaç Ders Öğreteceğiz?
2344	Menu	And how long can you generate?	Ve Ne Kadar Sürede Üretebilirsiniz?
2345	Menu	A long time, but it’s usually not necessary.	Uzun Bir Süre, Ama Genellikle Bu Gerekli Olmaz
2346	Menu	Oh, I think we’ve talked too much. I wonder if anyone’s still reading this.	Oh, Bizim Çok Konuştuğumuzu Düşünüyorum. Acaba Herkes Hala Bunu Okuyormu?
2347	Menu	We should demonstrate real-life examples of generating a timetable.	Bir Ders Programı Oluşturmaya Gerçek Hayattan Örnekler Göstermeliyiz
2348	Menu	First look at what you have generated at first.	İlk Bakışta Başlangıçta Oluşturulan
2349	Menu	First of all, I have checked the equable distribution of lessons over the entire week.	Her Şeyden Önce, Tüm Hafta Boyunca Dengeli Ders Programını Kontrol Etmeliyim
2350	Menu	The school has 27 classes and 45 teachers. Some lessons are divided into three groups and there are often joint groups from different classes.	Okul 27 Sınıf ve 45 Öğretmen Bulunmaktadır. Bazı Dersler Üç Gruba Ayrılır ve Farklı Sınıflardan Genellikle Ortak Gruplar Vardır
2351	Menu	Teachers can have a maximum of six windows per week and max. two windows per day.	Öğretmenlere Haftada En Fazla Altı, Günde İse İki Pencere Boş Pencere (Ders) Verildi
2352	Menu	It’s not bad, but I think that six windows per week is too many.	Fena Değil, Ama ben Haftada Altı Boş Dersin Çok Olduğunu Düşünüyorum
2353	Menu	OK, I have only generated what you entered. You can change it if you’d like to.	Tamam, Sadece Girdiğiniz Verilerle Oluşturdum. Eğer İsterseniz Bunu Değiştirebilirsiniz
2354	Menu	I will enter max. four windows per week and start to generate again.	Hafta İçin En Fazla Dört Açık Pencere Sayısı Girerek ve Oluşumu Tekrar Başlatayım.
2357	Menu	How is it going?	Nasıl Gidiyor?
2358	Menu	Wait a moment, I'm done soon	Bir Süre Bekleyin, Yakında Bitiririm
2359	Menu	Finished! Every teacher has max. four windows per week.	Bitti! Her Öğretmenin Haftada En Fazla Dört Boş Penceresi (Dersi) Oldu
2360	Menu	Yes, I like it. Let’s limit the time off of some teacher.	Evet, Hoşuma Gitti. Gelin Bazı Öğretmelerin Kapalı Zamanlarını Sınırlayalım
2361	Menu	E.g. Some teacher cannot come to school on Wednesday.	Örneğin, Bazı Öğretmenler Çarşamba Günü Okula Gelemiyor
2362	Menu	Yes, Mrs. Belicova.	Mesela, Bayan Belicova
2368	Menu	You have set up Wednesdays off. You know that she has 24 lessons per week and her subjects cannot be placed as 7th lessons of the day. It will not be easy.	Çarşamba Gününü Kapadınız. Onun Haftalık 24 Dersi Var ve Derslerinin Günün 7. Saatine Yerleştirilemeyeceğini Biliyorum. Bu hiç Kolay Olmayacak
2369	Menu	So? Let's try it.	Hadi. Deneyelim
2371	Menu	Finished! All teachers have max. four windows in a week and Mrs. Belicova is off Wednesdays.	Bitti! Tüm Öğretmenlere Haftada En Fazla Dört Açık Pencere (Boş Ders) Verildi ve Bayan Belicova İçin Çarşamba Günü Kapalı Hale Getirildi
2372	Menu	Let's see it.	Belicova'nın Durumunu Bir Görelim
2373	Menu	She really doesn’t teach on Wednesdays. Let’s try something else.	Çarşamba Günleri Boşaltılmış. Hadi Başka Bir Şey Deneyelim
2374	Menu	E.g. Some teacher cannot come in the mornings on the zero and first lessons because she has young children.	Örneğin, Bazı Öğretmenlerin küçük çocuğu Olduğundan Sabah Sıfır ve İlk Saatlerdeki Derslere Gelemiyor
2382	Menu	Do you want to try?	Denemek İster Misin?
2383	Menu	Ok, start to generate.	Tamam, Oluşturmak İçin Başlat
2385	Menu	OK. Mrs. Benkova doesn’t teach the zero and first lessons.	Tamam. Bayan Benkova İçin Sıfır ve İlk Saat Derslere Ders Konulmadı
2386	Menu	You have done it but I have another comment.	Sen Bitirdin Ama benim Başka Bir Yorumum Daha Var
2387	Menu	I don't like to see Mathematics on the 6th lesson.	Ben Matematiği 6. Dersten Sonra Görmeyi Sevmiyorum
2388	Menu	It is permitted right now but you can forbid 6th lesson mathematics.	Ancak, Şu An İzin Verilen 6. Saatteki Matematik Dersleri Korusun
2389	Menu	I’ll enter that mathematics and other difficult subjects cannot be placed on the 6th lesson and that they should not be placed on the 5th lesson either. I’ll start a new generation.	Bence Matematik ve Diğer Zor Dersler 6. Derste Yer Alamazlar 5. Dersin Üzerinde (sadece 5. Ders İse Şartlı Olacak) Yer Alacak Şekilde Yerleştirereceğim. Ders Programını Yeniden Başlatacağım
2398	Menu	Finished. No mathematics and Physics are on the 6th lesson.	Bitti. Hiç Bir Matematik ve Fizik Dersi 6. Saatten Sonra (6. Ders Dahil) Bulunmamaktadır
2399	Menu	The last comment, Spanish and German should not follow each other.	Son İsteğim, İspanyolca ve Almanca Dersleri Birbirini Ardına Gelmemelidir
2400	Menu	You have to enter it and I will solve it.	Bu Verileri Girelim ve Bunu Çözelim
2409	Menu	So, now there is no class where Spanish and German follow each other?	Yani, Şimdi İspanyolca ve Almanca Derslerinin Birbirini Takip Ettiği Hiç Bir Sınıf Yok mu?
2410	Menu	Exactly, there is not. Is there anything else to improve?	Kesinlikle, Takip Etmiyorlar. Çözmek İstediğin Başka Bir Şey Var mı?
2411	Menu	Could we place mathematics and English language to earlier lessons?	Matematik Derslerinden Önce İngilizce Dil Derslerini Yerleştirebilirmisin?
2412	Menu	It is currently set up that mathematics cannot be placed on the 6th or 7th lessons and the 5th lesson is question marked. So, I can place it on the 5th lesson if there is no other choice.	Şu Anda Matematik Dersleri İçin 6. ve 7. Saatler Kapalı Olduğundan ve 5. Saat İçin Şartlı İzin Verildiğinden Bu Derslerde Konulamaz. Başka Bir Olasılık Varsa Yani, 5. Dersten Önce Yerleştirebilirsiniz
2413	Menu	So, it can happen that some class would have three of five mathematics lessons on the 5th lesson. That’s not good, so we should change the conditions a little bit.	Yani, Bazı Sınıfların 5. Dersten Önce Üç-Beş Saati Üst Üste Matematik Dersi Haline Gelebilir. Bu İyi Olmaz, Bu yüzden Biz Koşulların Bazıların Değiştirmeliyiz.
2414	Menu	Let’s say we can place only one mathematics lesson on a question marked position. Other math lessons have to be placed at an earlier time.	Diyelim Ki "şartlı Hale Getirilmiş Matematik Derslerinden Sadece Bir Tanesine Yerleştirebilirsiniz" Diyorlar. Diğer Matematik Dersleri İse Daha Önceki Zamanlarda Yerleştirilsin
2420	Menu	I’ve been thinking about the English lessons. You say that there can only be one English language lesson placed in the 6th position.	Ben İngilizce Dersleri Hakkında Düşünüyordum. 6. Saatteki Derse Yerleştirilebilir, Sadece Bir İngilizce Dersi Olabileceğini Söylüyorsun
2421	Menu	Yes, same for Nature study and Geography.	Evet, Doğa Çalışması ve Coğrafya İçin De Aynı
2422	Menu	So, we will change it. I’ll set that the 5th lesson is question marked for easy subjects. Follow me?	Yani, Biz Bunu Değiştirmiş Olacağız. 5. Dersi Kolay Dersler İçin İşaretlenmiş Soru İşaretli 'Şartlı' Hale Getirebilirim. Beni Takip Edermisin?
2423	Menu	Easy subject	Kolay Ders
2427	Menu	But then all English lessons should be placed from the 1st to the 4th lessons and only one could be placed on the 5th or 6th lesson.	Ama Sonra Tüm İngilizce Dersleri 4. Saatlerdeki Derslere İlk Olarak Yerleştirilmelidir ve 5. veya 6. Derste Tek Olarak Yer Alabilir
2428	Menu	Yes, you are right. The same is true for Geography and Nature study. You didn’t forget that, did you?	Evet, Haklısın. Aynı Şey Coğrafya ve Doğa Çalışması Dersleri İçin De Geçerli. Bunu, Sen Yapmıştın Unutmadın Değil Mi?
2429	Menu	No, I didn’t but I hoped that you changed your mind and switched it off.	Hayır, ben Yapmadım Ama fikrini Değiştirdiğini ve Kapatılabileceğini umuyordum
2430	Menu	No, I will not. You know what else we could do? We could also select more subjects like Chemistry, Biology and History to be more restricted. Follow me?	Hayır, Yapmayacağım. Yapabileceğimiz Başka Ne Biliyor Musun? Ayrıca Kimya, Biyoloji ve Tarih Gibi Derslerin Daha Kısıtlı Olmasını Seçebilirsin. Beni İzlermisin?
2446	Menu	Let me start to generate.	Birlikte Oluşturalım
2447	Menu	Wait, please. You cannon be serious. That’s harassment of the poor algorithm!	Bekleyin, Lütfen. Ciddi Misin? Çakışma Olabilir. Zayıf Program Algoritması bozulabilir!
2448	Menu	Don’t you know the Declaration of Algorithms’ Rights? Can you imagine how long it would take YOU to create this kind of timetable?	Algoritma Hakları Bildirgesi'ni Mi Bilmiyorum? Bu Tür Bir Ders Programı Oluşturmak İçin Ne Kadar Süre Lazım Hayal Edebiliyor Musun?
2449	Menu	Do you remember all you have entered?	Girdiğiniz Tüm Verileri Hatırlıyor Musunuz?
2450	Menu	Mrs. Belicova has Wednesdays off, Mrs. Benkova cannot teach first lessons,	Bayan Belicova'nın Çarşamba Günleri Kapalı, Bayan Benkova'nın İse İlk Saatlerini Kapattınız
2451	Menu	divided Physical education classes with joined classes, only two gyms, foreign languages divided into three groups of joined classes.	Bölünmüş Bazı Sınıflar beden Eğitimi Derslerinde Birleştirilmiş, Sadece İki spor Salonu Var, Yabancı Dil İle Birleştirilmiş Sınıflar İse Üç Gruba Ayrılmış
2452	Menu	Teachers can have max. four windows per week and no more than two per day. Spanish and German cannot follow each other.	Öğretmenlerin Haftada En Fazla Dört Dersleri Boş Ders Olabilirdi, Şimdi İse Bu Sayı 2'ye İndi. İspanyolca ve Almanca Dersleri İse Birbirini Takip Edemez
2453	Menu	And you also would like to place all lessons in the 1st to the 4th positions. What should I place on the 5th and 6th lessons?	Ve Ayrıca Tüm 4. Pozisyondaki Derslere 1. Dersleri Yerleştirmek İstiyorum. Ben 5. ve 6. Ders Ne Koymalıyım?
2454	Menu	You can put some Geography and History lessons there, or Painting.	Oraya Bazı Coğrafya ve Tarih Derslerini Koyabilir, Ya Da Resim Dersi Yapabilirsiniz
2455	Menu	Only two teachers teach the painting lessons, there are still 25 unused 5th lessons.	Sadece İki Öğretmen Resim Dersleri Öğretmektedir, 25 Adet Kullanılmayan 5. Ders İse Hala Mevcuttur
2456	Menu	That’s your problem. Try to deal with it.	Bu Senin Sorunun. Bunları Çözmek İçin Tekrar Dene
2457	Menu	Oh, that's life.	Ah, Hayat Bu Zaten
2458	Menu	Stop complaining. I’ll start the generation.	Şikayet Etmeyi Bırak. Ders Programını Tekrar Başlatıyoruz
2459	Menu	Finished!	Bitti!
2460	Menu	You have done it!	Sen Başardın!..
2461	Menu	It was not the easiest task but I’ve had more complicated ones before.	Bu Kolay Bir İş Değildi Ama Daha Önce Bundan Karmaşık Olanları Da Yaptım
2462	Menu	Can you always generate a timetable?	Her Zaman Bir Ders Programı Üretebilir Miyim?
2463	Menu	No, I certainly cannot. E.g. if you enter conditions that all teachers can have zero windows in their timetables or all subjects have to be taught in the first four lessons. I cannot generate a timetable under these conditions.	Hayır, ben Yapamam. Örneğin Tüm Öğretmenler İçin Kendi Ders Programındaki Pencerelerde Sıfır veya Tüm Konularda İlk Dört Derste Öğretilmesi Gerektiği Koşulunu Girerseniz. Bu Şartlar Altında Bir Ders Programı Üretilemez
2464	Menu	That’s obvious. Nobody enters those conditions.	Bu Çok Açık. Hiç Kimse Bu Koşulları Girmez
2465	Menu	You’re right, that was only an example. But it can happen that somebody doesn’t enter all classrooms where lessons could be taught.	Haklısın, Bu Sadece Bir Örnekti. Ama Birileri Ders Öğrettiği Tüm Sınıflarda Bu Koşulu Girerse Bu Olabilir
2466	Menu	If you created the timetable manually, you would certainly remember that you could place this lesson into another classroom.	Ders Programını El İle Oluşturduysanız, Kesinlikle Başka Bir Sınıfa Bu Dersi Yer Verebilebileceğini Hatırlayacaksınız
2467	Menu	But I have to create a timetable under the conditions that you enter. I cannot add one extra classroom, and so I can have problems.	Ama Girdiğiniz Koşullarda Bir Ders Programı Oluşturulmak Zorunda. Ben ekstra Bir Sınıf Ekleyemem ve Bu yüzden Sorun Olabilir
2468	Menu	There is still some work for us humans, isn’t there?	Biz İnsanlar İçin Hala Yapacak Bazı İşler Var, Değil Mi?
2469	Menu	Certainly. You must enter lessons, groups and all other specifications correctly because I need correct data for my work.	Kesinlikle. Benim Yapacağım İş İçin Doğru Veri Gerekir, Doğru Dersleri, Grupları ve Diğer Tüm Özellikleri Girmelisiniz
2470	Menu	And then we have to set the conditions for the timetable.	Ve O Ders Program Koşullarını Belirlemek Zorundayız
2471	Menu	The timetable we have just generated is a good example.	Bizimki Sadece Ders Programına İyi Bir Örnektir
2472	Menu	I could generate a better timetable for all teachers if there were not so many conditions for the classes.	Sınıflar İçin Çok Koşul Olmasaydı ben Tüm Öğretmenler İçin Daha İyi Bir Ders Programı Oluşturabilirdim
2473	Menu	I don’t believe you. You cannot create a timetable with less than four windows per week for ALL teachers in a school with almost 30 classes.	Sana İnanmıyorum. Neredeyse 30 Sınıflı Bir Okulda Tüm Öğretmenler İçin Haftada En Az Dört Açık Pencere İle Bir Takvim Oluşturamazsınız
2474	Menu	So, you don’t believe me again. Watch this. This is the timetable we had in the beginning.	Yani, yine Bana İnanmıyorsun. Bunu İzle. Başlangıçta Varolan Ders Programı Budur
2475	Menu	Now I’ll create a timetable with max. two windows per week for all teachers. I will ignore only one condition - that lessons that are two or three times a week have to be distributed equably over the week.	Şimdi Tüm Öğretmenler İçin Haftada İki Boş Pencere (Ders) İle Ders Programı Oluşturabileceksiniz. Sadece Bir Şartla - İki Bu Ders Sayılacak Ya Da Haftada Üç Kez Var Olanlar Hafta Üzerine Dağıtılacak
2479	Menu	Finished. All 45 teacher have max. 2 windows per week.	Bitti. 45 Öğretmenin Tümünde Haftada En Fazla 2 Açık (Boş Ders) Pencere Var
2480	Menu	There is nobody to substitute with this shedule.	Bu Programda, Yerine Yerleştirme Yapılacak Kimse Yoktur
2481	Menu	Yes, as you can see, you have to consider what you expect from the timetable.	Gördüğünüz Gibi Evet, Sizinde Ders Programından Ne Beklediğinizi Düşünmeniz Lazım
2482	Menu	Thank you. It was nice talking to you.	Teşekkür Ederim. Seninle Konuşmak güzeldi
2483	Menu	I’m always ready to help you create a timetable.	Ben Her Zaman Bir Ders Programı Oluşturmak Amacıyla, Yardımcı Olmaya Hazırım
2484	Menu	You can print the timetable for each teacher, class or classroom. You can also print a summary timetable for the entire school.	Her bir öğretmen öğrenci ve sınıf için zaman çizelgesini çıktı alabilirsin.
2485	Menu	You can select the print options in the dialog box 'Printing area'. To activate this dialog, use the 'Printing Area' command from the 'File' menu.	Baskı seçeneklerini iletişim kutusundaki 'printing area' dan seçebilirsin. Bu iletişimi aktive etmek için, 'file' menüsünden 'printing area' komutunu kullan.
2486	Menu	Here you can specify whose timetables you want to print.	Burada kimin zaman çizelgesini basmak istiyorsan onu özelleştirebilirsin.
2487	Menu	You can mark types of timetables and mark the teachers, classes and classrooms whose timetables should be printed.	Basılmasını istediğin öğretmenlerin sınıfların ya da derslerin çeşitlerini işaretleyebilirsin.
2488	Menu	If you have a multi-week cycle of the timetable, you can also mark the cycle you want to print.	Eğer zaman çizelgesinin çoklu hafta döngüsü varsa, bastırmak istediğin döngüyü işaretleyebilirsin.
2489	Menu	You can also print the timetable as a wall poster e.g. 5x4 A4 pages.	Zaman çizelgesini poster olarak da basabilirsin.
2490	Menu	You can adjust the print features in the dialog box ‘Style’.	Baskı özelliklerini iletişim kutusundaki 'style' bölümündenuyarlanabilirsin
2492	Menu	You can set the options for the cells and you can specify the colors that will be printed.	Hücreler için seçenekler kurabilirsin ve basılacak renkleri özelleştirebilirsin.
2495	Menu	After you set all the print parameters, you can use the ‘Print preview’ command to see the timetable.	Tüm Baskı Parametrelerini Ayarladıktan Sonra, Ders Programını Görmek İçin 'Baskı Önizleme' Komutunu Kullanabilirsiniz
2496	Menu	We select the 'Print preview' command from the 'File' menu.	'Dosya' Menüsünden 'Baskı Önizleme' Komutunu Seçebiliriz
2497	Menu	To change the pages shown, use the buttons at the top of the screen.	Gösterilen Sayfaları Değiştirmek İçin, ekranın Üstündeki Düğmeleri Kullanın
2498	Menu	To close the preview, press the ‘Close’ button.	Önizlemeyi Kapatmak İçin, 'Kapat' Düğmesine Basın
2499	Menu	To print the final version of the timetable, press the 'Print' command in the 'File' menu.	Zaman çizelgesin final versiyonunu basabilirsin. 'File' menüsünde 'print' komutuna bas.
2500	Menu	To export the timetable to Excel or HTML use the 'Export' command from the 'File' menu. Then you can adjust your data in Excel.	Zaman çizelgesini excel ya da HTML ye yollamak için 'file' menüsğndeki 'export ' komutunu kullan.
2501	Menu	It is possible to post your timetable on your web site using HTML format.	Zaman çizelgeni HTML formatını kullanarak Kendi web sitene göndermek mümkün.
2502	Menu	Verification of the timetable consists of two parts. The first part verifies if the generated timetable fulfills all the conditions that were entered. The second part tests if it is possible to generate a timetable from the conditions and lessons that were entered.	Ders Programı Doğrulanması İki Bölümden Oluşmaktadır.Oluşturulan Ders Programına Girilmiş Olan Tüm Şartların, Yerine Getirilmesi Mümkün İse İlk Bölüm Doğrulanır. Bu Tanımlanan Koşullar ve Dersler İle Bir Ders Programı Üretmenin Mümkün Olup Olmadığını, İkinci Bölüm Sınar
2503	Menu	This testing is first. The program tests each individual part of the timetable and tries to generate a timetable for each part.	Bu Testin İlk Bölümünde; Program Zaman Çizelgesinin Her Parçasını Kontrol Eder ve Her Bölümde Bir Ders Programı Oluşturmak İçin Çalışır
2504	Menu	It tests if it is possible to create a timetable for all classes, teachers and subjects. Then it announces the results.	Tüm Sınıflar, Öğretmenler ve Konular İçin Bir Ders Programı Oluşturmanın Mümkün Olup Olmadığı Sınanır. Sonra Sonuçları Açıklar
2505	Menu	If the program cannot generate a timetable for a single class or teacher, it probably contains an invalid entry and there is no use to try to generate the timetable for the entire school.	Programda Tek Bir Sınıf Ya Da Öğretmen İçin Bir Ders Programı Oluşturmak Mümkün Değil İse, Muhtemelen Geçersiz Bir Girdi İçerir ve Bu Durumda Tüm Okulda Ders Programı Oluşturmayı Denemenin, Hiç Bir Yararı Yoktur
2506	Menu	If there is fault in the testing, there is no use to generate the complete timetable.	Testin Hatalı çıkması Durumunda, Tam Bir Ders Programı Oluşturmak Mümkün Olmaz
2507	Menu	So, it’s necessary to find out why the program could not generate that part of the timetable. The program tells you where the faults are.	Yani, Bu Program Ders Programının O Kısmını Oluşturamaz, Bunun Nedenini Bulmak Gereklidir. Hataların Nerede Olduğunu Program Bize Söyler..
2508	Menu	If you enter additional new data into the specifications, we recommend that you run the testing procedure. To start the testing, use the ‘Test’ command from the ‘Timetable’ menu.	Eğer Program İçine İlave Yeni Veri Girerseniz, Size Test Prosedürünü Tekrar Çalıştırmanızı Öneririz. Testi Başlatmak İçin, 'Ders Program' Menüsündeki 'Kontrol' Komutunu Kullanın
2509	Menu	The second type of control verifies that the timetable fulfills all conditions. To run this control, use the ‘Verification’ command from the ‘Timetable’ menu.	İkinci Tip 'Kontrol', Ders Programının Tüm Koşullarının, Yerine Getirilip Getirildiğini Doğrular. Bu Denetimi Çalıştırmak İçin, 'Ders Programı' Menüsünden Üzerinde El feneri Simgesi Olan 'Kontrol' Komutunu Kullanın
2510	Menu	In the top part of working area, there are listed standard faults, e.g. lessons, that cannot be placed into any classrooms.	Çalışma Alanının Üst Kısmında, standart Hatalar Listelenir. Örneğin Dersler, Herhangi Bir Sınıfa Yerleştirilemezler
2511	Menu	To display all existing faults, press the Detail verification button.	Varolan Tüm Hataları Görüntülemek İçin 'Detaylı Kontrol' Düğmesine Basın
2513	Menu	Each line represents one fault. E.g. the succession of the full and divided lessons, unequable distribution of lessons, etc.	Her Satır Bir Adet Hatayı Temsil Eder. Örneğin; Tam ve Bölünmüş Derslerin Arka Arkaya Gelmesi, Derslerin eşitliksiz Dağılımı vb.,
2514	Menu	To see all the windows in the teachers’ timetables, press the ‘Statistics’ button.	Öğretmenlerin Tüm Boşluklarını Görmek İçin, 'Planlama & Yerleştirme' Menüsünden 'İstatistik' Düğmesine Basın
2516	Menu	The individual statistics of the teachers are in the right section and the list of teachers is on the left.	Öğretmenlerin Bireysel İstatistikleri Sağ Bölümde ve Öğretmenlerin Listesi İse Bu Bölümün hemen Solundadır
2519	Menu	How to easily identify the problem: Take the card, that the algorithm could not place into the timetable during the test (it would be displayed), and place it on the any position in the timetable. Then start testing procedure, using right mouse button on this card and choose the Test command, then select Class, Teacher or Subject item. (You should choose the item, that was identified as invalid during the previous test). If the test is OK now, the previous result occurred by chance. (The algorithm of testing procedure is less complex than the algorithm of the generating program). If that test is not OK, the program places card into the hand. You can try to place it manually. If you start the detailed verification, the program displays the reason, why that position is not correct.	Bu problemi kolaylıkla nasıl tanımlayabilirsin Test boyunca agoritmanın zaman çizelgesinde yerleştiremediği kartı al (gösterilecektir) ve xaman çizelgesinde herhangi bir yere yerleştir. Sonra bu kart üzerinde doğru mouse düğmesini kullanarak süreci denemeye başlave test komutunu seç sonra sınıf, öğretmen ya da ders maddelerini seç. (Bir önceki denemede geçerli olarak tanımlanan maddeleri (item) seçmelisin. ) Eğer deneme şimdi başarılı ise bir önceki sonuç tesdüfen olmuştur. Deneme sürecinin algoritması proramı çalıştırma algoritmasından daha az karmaşıktır. Eğer deneme tamamsa program kartı ele alacaktır. Elle deneyebilirsin. Eğer detaylı bir inceleme başlatırsan bu pozisyonun neden doğru olmadığının nedenini program gösterir.
2520	Menu	Steps of the registration : 1. Enter carefully the name of the school. 2. Contact your seller(Phone or email). 3. Your seller provides you with the registration number. 4. You enter this number into the next line and press Ok.	Kayıtların adımları: 1- okulun adını dikkatli birşekilde gir. 2- satıcunla iletilim kur (telefon ya da email). 3- satıcın sana kayıt numarası verecek. 4- bu numarayı sonraki satıra gir ve ok ye bas.
2521	Menu	Unused classrooms	Kullanılmayan Derslik
2522	Menu	Caption for teachers	Öğretmenler İçin Resim Yazısı
2523	Menu	More classrooms	Daha Fazla Derslik
2524	Menu	To start to number lessons from the 1st and not from the 0., switch this switcher on. This change influences only the printed and displayed output.	Dersleri sıralamaya 0 dan değil 1 den başla. Bu değişiklik sadece çıktıları ve gösterilen girişleri etkiler.
2525	Menu	More >	Dahası >
2526	Menu	Max. number of windows for teachers, who are not limited teachers' 'Constraints' dialog.	Öğretmene "Kısıtlama" Tanımlanmış İse Bu Değer Dikkate Alınsın. Bu Ayar Planlamayı İşlemini Zorlaştırır !
2527	Menu	The complexity set the method of the generating of the timetable. Details are listed in the manual.	Karışıklık /zorluk zaman çizelgesinin çalıştırma yöntemini kurar. Detaylar klavuzda listeli.
2528	Menu	The program will remove all classrooms and then add the selected rooms to all lessons for this subject.	Tüm atanmış derslikleri kaldır ve sadece seçili derslikleri ekle.
2529	Menu	Overtime	Fazla mesai
2530	Menu	Overtime lessons	Fazla Mesai Dersleri
2531	Menu	Hours	Saatler
2532	Menu	Days	Günler
2533	Menu	Hours(days)	Saatler(Günler)
2534	Menu	Format:	Biçim :
2535	Menu	Hours	Saatler
2536	Menu	Days	Günler
2537	Menu	Hours(days)	Saatler(Günler)
2538	Menu	Format:	Biçim:
2539	Menu	Criteria	Kriterler
2540	Menu	General	Genel
2541	Menu	Print	Yazdır
2542	Menu	Text:	Mesajınız
2543	Menu	Note for the day	Gün İçin Not
2544	Menu	Back-up	Yedekleyin
2545	Menu	Create back-up file	Yedek Dosya Oluştur
2546	Menu	Restore the back-up file	Yedek Dosyayı Çağır
2547	Menu	Start new substitution	Yeni Yer Değiştirmeyi Başlat
2548	Menu	Program saves all changes automatically, when it ends. To secure against the unexpected circumstances, save the back-up file on the disk at least once a week. You can use this file to transfer the data of substitutions between computers.	Bittiğinde program bütün değişiklikleri otamatik olarak kaydeder. Beklenmeyen durumları karşı tedbir almak için, en az haftada bir kez yedekleme dosyasını diskete kaydet. Bilgisyarlar arasında değişiklikler bilgisini transfer etmek için bu dosyayı kullanabilirsin.
2549	Menu	Automatic backups:	Otomatik Yedekleme:
2550	Menu	Program creates automatic backups from the last day and the last week. To restore the automatic backup ( as well as manual),use the Restore button. Files with the automatic backup can be found :	Program son gün ve son haftadan yedeklemeyi otomatik yapar. Otomatik yedeklemeti saklamak için (elle de ) restore düğmesini kullan. Otomobil yedeklemeli dosyalar bulunabilir.
2551	Menu	Zoom	Yakınlaştır
2552	Menu	Zoom:	Yakınlaştır
2553	Menu	More classrooms	Daha Fazla Derslik
2554	Menu	This lesson requires, this number of classroom(s):	Bu ders bu numaralı sınıfları ister.
2555	Menu	Division	Bölüm
2556	Menu	<- Add	<- Ekle
2557	Menu	Remove	Sil
2558	Menu	Add absenting teachers from the yesterday.	Devamsız Öğretmenleri Önceki Günden Ekleyin
2559	Menu	Do you really want to add absenting teachers from yesterday ?	Bir Önceki Günün Devamsız Öğretmenlerini Eklemek İstermisiniz?
2560	Menu	Overtime	Mesai
2561	Menu	Backup	Yedekleme
2562	Menu	If you start a new substitution, all entered data will be lost. You should backup them. Do you want to start new substitution ?	Eğer yeni bir değiştirmeye başlarsan rüm girilen bilgiler kaybolacaktır. Yedeklemen lazım. Yeni değişikliklere başlamak istiyor musun?
2563	Menu	The fault occurred, when the backup file created.	Yedekleme dosyası oluşturulunca hata oluştu.
2564	Menu	Backup was succesfully created.	Yedekleme Başarı İle Oluşturuldu
2565	Menu	The failure occurred, while restoring the backup. The following timetables for substituting are missing :	Yedeklemeyi saklarken hata oluştu.
2566	Menu	Please, copy following files into the directory c:\\Timetables\\supl\\ You can find these files in this directory in the original computer, or on the backup disks. Then restore substitutions from the backup.	Aşağıdaki dosyaları rehbere kopyala lütfen. c:\\Timetables\\supl\\ Bu dosyaları orijinal/ana bilgisayarda ya da yedekleme disketinde bulabilirsin. Sonra yedeklemeden değiştirmeleri sakla.
2567	Menu	The problem occurred, while restoring the backup.	Yedekleme Geri Yükleme Sırasında Sorun Oluştu
2568	Menu	File Lang.asc can't be opened, reinstall the Timetables program. If you are not successful, contact hotline of aSc company.	Lang.asc dosyası açılmayabilir. Zaman çizelgesi programını yeniden yükle. Başarılı olamazsan aSc Türkiye'den ile iletişime geçiniz.
2569	Menu	Summary of weeks	Haftaların Özeti
2571	Menu	Cycle	Döngü
2577	Menu	Save	Kaydet
2578	Menu	The program is not registered.	Program Kayıtlı Değil
2579	Menu	Not registered	Kaydedilmemiş
2580	Menu	Spanish language	İspanyolca
2581	Menu	Biology	Biyoloji
2582	Menu	History	Tarih
2583	Menu	Ethical education	Ahlak Eğitimi
2584	Menu	Physics	Fizik
2585	Menu	Music	Müzik
2586	Menu	Chemistry	Kimya
2587	Menu	Informatics	Bilişim
2588	Menu	English conversation	İngilizce Konuşma
2589	Menu	Mathematics	Matematik
2590	Menu	German language	Almanca
2591	Menu	Government study	Hükümet Çalışması
2592	Menu	Agriculture	Tarım
2593	Menu	Hand works	El İşleri
2594	Menu	Nature study	Doğa Çalışması
2595	Menu	Russian language	Rusça
2596	Menu	English language	İngilizce
2597	Menu	Technical works	Teknik Çalışmalar
2598	Menu	Physical education	Beden Eğitimi
2599	Menu	Household works	Ev İşleri
2600	Menu	Optional subject	Seçmeli Ders
2601	Menu	Painting	Resim
2602	Menu	Engineering	Mühendislik
2603	Menu	Geography	Coğrafya
2604	Menu	Students	Öğrenciler
2605	Menu	Creating seminars	Seçmeli Ders Oluşturma
2606	Menu	Position %1:	Pozisyon %1:
2607	Menu	The testing of the timetable has found the fault in the specification of the timetable. Do you want to see, which cards cannot be placed ?	Zaman çizelgesinin Denemesi çizelgenin özelleştirilmesinde hata buldu. Hangi kartların yerleştirilemediğini görmek ister misin?
2608	Menu	Do you want to change the week, when the lesson should be taught?	Ders Olması Gerektiği Halde, Haftayı Değiştirmek İstiyormusunuz ?
2609	Menu	Seminar	Seçmeli Ders
2610	Menu	Seminars	Seçmeli Dersler
2611	Menu	New seminar	Yeni Seçmeli Ders
2612	Menu	New student	Yeni Öğrenci
2613	Menu	Edit seminars	Seçmeli Dersi Güncelle
2614	Menu	Relations	Planlama İlişkileri
2615	Menu	Keep the position of unchanged seminars.	Değişmeyen Seçmeli Derslerin Pozisyonlarını Koru
2616	Menu	Relations of Seminars	Seçmeli Derslerin İlişkileri
2617	Menu	List of Seminars:	Seçmeli Derslerin Listesi
2618	Menu	You can add:	Ekleyebilirsiniz:
2619	Menu	Maximal group together:	Bir Aradaki En Fazla Grup:
2620	Menu	Number of students out:	Dışarıdaki Öğrenci Sayısı:
2621	Menu	Find the maximal group together:	Bir Aradaki En Fazla Grubu Bulun:
2622	Menu	Maximal group together optimalize for :	Bir Aradaki En Fazla gurubu En İyi Duruma Getir:
2623	Menu	Number of seminars	Seçmeli Derslerin Sayısı
2624	Menu	Number of students	Öğrenci Sayısı
2625	Menu	The groups of students have to finish the day in the same time.	Öğrenci Grupları Aynı Saatte Bitirmeli
2626	Menu	Warning: This criterion complicates to generate the timetable. Please make sure that all groups have the same number of lessons.	Uyarı: Bu Kriter Ders Programı Oluşturmayı Zorlaştırmaktadır. Tüm Gruplarda Aynı Ders Sayısına Sahip Olduğunuzdan Emin Olun
2627	Menu	Permitted classrooms are not entered.	İzin Verilen Sınıflar Girilmemiş
2628	Menu	Printing colors of the classrooms are chosen by the class.	Sınıfların baskı renkleri sınıf tarafından belirlenir.
2629	Menu	&Undo Ctrl+Z	&Geri Ctrl+Z
2630	Menu	&Redo Ctrl+Y	&Tekrarla Ctrl+Y
2631	Menu	Custom	Yakınlaştıma Değeri Belirterek
2632	Menu	&Toolbar	&Araç Çubukları
2633	Menu	&Status bar	&Durum Çubukları Göster/Gizle
2634	Menu	&Help	&Yardım
2635	Menu	Language	Program Dilini Değiştir
2637	Menu	This demo version can only print previews on the screen.	Demo versiyonda sadece ön izleme yapılabilir.
2638	Menu	You cannot change language in this demo version.	Bu Demo Sürümünde Dili Değiştiremezsiniz
2639	Menu	Demo version	Demo Versiyon
2640	Menu	Program can combine hours from one division. For example, let's take we have two divisions of the class: First division: 1. group, 2. group. Second division: Boys, Girls Then we can enter e.g.: Mathematics for 1. group German for 1. group Mathematics for 2. group English for 2. group Sports for Boys Sports for Girls Program then can combine lessons this way: Mathematics (1.group) / Mathematics (2.group) Mathematics (1.group)/ English (2.group) German (1.group)/ Mathematics (2.group) German (1.group)/ English (2.group) Sports (Boys) / Sports (Girls) On the other hand it cannot combine Mathematics (1.Group) with Sports (Boys). Groups "1.Group" and "Boys" are from different class divisions. The reason is that there can be a boy in 1.Group and also in group Boys -> this boy cannot be on the same time on two places -> program doesn't make such a combination.	Program bir bölünmeden saatleri birleştirebilir. Örneğin sınıfın iki grubu olduğunu düşünelim. 1.Gruba: 1. Grup, 2. Grup 2.Gruba: Erkekler, Kızlar O zaman şöyle giriş yapabiliriz: Matematik 1. Grub için Almanca 1. Grup için Matematik 2. Grup için İngilizce 2. Grup için Spor Erkekler için Spor kızlar için Sonra program dersleri şu şekilde birleştirir. Matematik (1. Grup)/ Matematik (2.grup) matematik (1.grup) / İngilizce (2.grup) Almanca (1.grup)/ Matematik (2.grup) Almanca (1.grup) /İngilizce (2.grup) Spor (Erkekler) / Spor (Kızlar)) Diğer tarafta Matematik (1.grup) ile Spor (erkekler) birleştiremez. "1.grup" ve "Erkekler" farklı bölünmüş sınıflardan.Bunun nedeni hem 1. Grubda hem de erkekler grubunda bir erkek olabilir ve bu erkek çocuk aynı anda iki yerde olamaz. Program böyle bir kombinasyon yapmaz.
2641	Menu	Lunch	Öğle Arası
2642	Menu	Lunch break must be in following interval:	Öğle Arası İçin Gereken Zaman Aralığı
2643	Menu	Forbid placing other lessons after lunch, in case lunch is last hour in the interval.	Öğle Arasının Son Saatte Olması Durumunda, Öğle Yemeğinden Sonra Diğer Dersleri Yerleştirmeyi Yasaklıyorum
2644	Menu	Missing lunch break	Öğle Arası Bulunamadı
2645	Menu	Joint:	Ortak:
2646	Menu	Any week	Herhangi Hafta
2647	Menu	Specific week	Seçilen Haftayı
2650	Menu	Set min./max. number of lessons per day	Günde Alması Gereken Min./Max Ders Sayısı
2651	Menu	Number of lessons per day must be in this interval:	Dersin Günlük Min/Max Saati
2652	Menu	Set 'long break' after chosen lesson. Break will be shown as bold line in printed timetables. You can also set that the double lessons cannot span over this break.	'Long break ' i seçili dersten sonra kur. Ara basılmış zaman çizelgesinde koyu renk/siyah olarak gösterilecek. Bu ikili dersleri bu aranın üzerine gelmeyecek şekilde girebilirsin.
2654	Menu	Timetable for more than 7 days	Ders Programı 7 Günden Fazla İse
2655	Menu	Day %1	%1 Günü
2656	Menu	Work with zero periods	Ders Saati 0 İle Başlasın
2657	Menu	Check for new version on Internet	Yeni Versiyon Kontrolü
2658	Menu	Class %1 cannot be completed because of double-lessons.	%1 Sınıfı Tamamlanamaz, Çift Dersler Nedeniyle
2659	Menu	Teacher %1 has more lessons in one day than permitted	Öğretmen %1 İzin Verilen Bir Günden Daha Fazla Dersi Vardır
2660	Menu	Teacher %1 has less lessons in one day than permitted	Öğretmen %1 İzin Verilen Bir Günden Daha Az Dersi Vardır
2661	Menu	Not implemented, yet. You must enter specific week for a lesson.	Henüz Uygulanmadı. Bir Ders İçin Belirli Bir Haftayı Girmelisiniz
2662	Menu	Max. windows per day	Gün Başına Max. Pencere
2663	Menu	Hong Kong	Hong Kong
2664	Menu	Taiwan	Tayvan
2665	Menu	China	Çin
2666	Menu	English	İngilizce
2667	Menu	Days are represented by columns (if not set days are represented by rows)	Günler Sütunlar İle Temsil Edilir (Satırlar Tarafından Temsil Edilen Ayarlanmış Günler Yoksa)
2668	Menu	Last change:	Son Değişiklik:
2669	Menu	Back to list of classes.	Derslikleri Yedekleyin
2670	Menu	Back to main page.	Ana Sayfayı Yedekleyin
2671	Menu	Back to list of teachers.	Öğretmen Listesini Yedekleyin
2672	Menu	Export	Aktar
2673	Menu	aSc Timetables, version for entering input data 2001	aSc Timetables, 2001 versiyonu datası girilmiş.
2674	Menu	Enter special criteria:	Özel ölçütleri Girin:
2675	Menu	Enter seminars:	Seçmeli Dersleri Girin:
2676	Menu	Send your timetable by email	Ders Programınızı E-Mail İle Yollayın
2678	Menu	Congratulations you have entered input data.	Tebrikler Giriş Verilerini Girdiniz
2680	Menu	Available teachers	Mevcut Öğretmenler
2689	Menu	Difference	Fark
2690	Menu	Timetable day:	Ders Programı Günü
2691	Menu	Cycle:	Döngü:
2692	Menu	Shift also following days?	İzleyen Günlerde De Shift Tuşunu Basılı Tutarak?
2693	Menu	Points	Puan
2694	Menu	Approved absence	Yokluğu Onaylı
2695	Menu	Not approved absence	Devamsızlık Onaylanmadı
2696	Menu	Today is out of the set school year. Do you want to start new school year?	Bugün okul yılının kurulumu dışında. Yeni okul yılı başlatmak istiyor musun?
2698	Menu	Print classrooms	Derslikleri Yazdır
2699	Menu	Subjects summary	Derslerin Özeti
2700	Menu	Resource teacher	Asıl Öğretmen
2701	Menu	If there are more than 2 teachers missing, resource teachers get this amount of points. You can set teacher as resource teacher in the timetable program Teacher/Edit.	Olmayan öğretmen sayısı 2 den fazlaysa kaynak öğretmenlerii bu konunun sayısını alır. Öğretmeni zamançizelgesi teacher /edşt programında kaynak öğretmen olarak girebilirsin.
2702	Menu	HC.	D-
2703	Menu	Points (this year)	Puan (Bu yıl)
2704	Menu	Single	Tekli
2705	Menu	Double lessons cannot span this break.	Çift Dersler Kaydın Öncesine ve Sonrasına Bölünemez
2706	Menu	Offset points:	Offset Puanı:
2707	Menu	Break	Tenefüse
2708	Menu	Other	Diğer
2709	Menu	Lock teacher	Öğretmen Kilit
2710	Menu	Unlock teacher	Öğretmen Kilidini Aç
2711	Menu	Header text:	Başlık Yazısı:
2712	Menu	Groups must have lunch at the same time	Gruplara Aynı Anda Öğle Yemeği Arası Verilmeli
2713	Menu	Advanced	Gelişmiş
2714	Menu	Class must have lessons in this interval:	Verilen Koşulla Yerleştirilmesi Gereken Ders Sayı Aralığı
2715	Menu	Class must finish before or on lesson:	Sınıfın veya Dersin Yerleştirilmesi Gereken Saati
2716	Menu	Set education block manually	Eğitimin El İle Yapılandırılması
2717	Menu	Remove all	Tümünü Sil
2718	Menu	Do you want to delete all classrooms?	Tum Derslikleri Silmek İstiyormusunuz ?
2719	Menu	They need to be distributed equably over the week.	Hafta içine eşit olarak dağıtılmaları gerekir.
2720	Menu	Group of cards %1 is not distributed equably over the week %2.	%1 Grup Kartları %2 Hafta Üzerine Eşit Olarak Dağıtılamaz
2721	Menu	Compare timetables	Ders Programını Karşılaştırma
2722	Menu	Class teacher must teach this class in specific time every day	Sınıf Öğretmeni Olarak, Sınıfına Vermesi Gereken Özel Dersin Günü
2723	Menu	Class teacher %1 doesn't teach class %2 in specified time every day	%1 Sınıf Öğretmeni Her Gün Belirtilen Süre İçinde %2 Sınıfını Öğretemez
2724	Menu	Two subjects must follow.	Dersler Ardarda Yerleştirilmelidir
2725	Menu	In specified order	Belirtilen Sırayla
2726	Menu	In arbitrary order	Rastgele Sırada
2727	Menu	Switch order	Sırasını Değiştirmek
2728	Menu	Please enter two subjects.	Lütfen İki Ders Girin
2729	Menu	Only divided cards	Sadece Bölünmüş Kartlar
2730	Menu	Row %1 is not complete. Either fill this row or set the number of rows to lower number in the combobox that specifies number of lessons you want to add.	%1 Satırı Tamamlanmamış. Ya Bu Satırı Doldurun veya Eklemek İstediğiniz Ders Sayısını Belirtin Açılan Kutu Sayısından Daha Az Sayıda Satır Sayısını Ayarlayın
2731	Menu	Break cannot be between group of lessons	Ders Grup Arasında Ayrılma/Bozulma Olamaz.
2732	Menu	Allow automatic relaxation of defined restrictions	Tanımlanmış Kısıtlamalara Otomatik Gözardı İzni
2733	Menu	Card takes position that is required for another card	Kart, Başka Bir Kart İçin Gerekli Olan Pozisyonu Alır
2734	Menu	Add more	İlave Olarak
2735	Menu	Test classrooms	Dersliklerin Kontrolü
2736	Menu	Timetables of students	Ders Programındaki Öğrenciler
2737	Menu	Maximum number of students:	Max.Öğrenci Sayısı:
2738	Menu	Show day number instead of day name (e.g. Day 1 instead of Monday)	Gün Adı Yerine Gün Sayısını (örneğin: Pazartesi Günü Yerine 1'i) Göster
2739	Menu	Skip	Atla
2740	Menu	Do not check exhaustion on Saturday and Sunday	Cumartesi ve Pazar Günlerinde Ardışık Ders Sayısı Kontrol Edilmesin
2741	Menu	Check max. number of consequentive free lessons.	En Fazla Ardışık Boş Ders Sayısını Kontrol Edilsin
2742	Menu	Max. number of consequentive free lessons:	Maks. Ardışık(consequentive) Serbest Ders Sayısı:
2743	Menu	Max. number on questionmarked consider per day.	Gün Başına En Fazla İşaretlenmiş Şartlı Hücreler Dikkate Alınsın
2744	Menu	Doublelessons can span over 'long breaks'.	Çift Dersler Uzun Aralara Yayılabilir
2745	Menu	Do not check min and max during weekend.	Min. Max. Değerlerini Hafta Sonunda Uygulama
2746	Menu	Two subjects must be in one day	Dersler Bir Güne Yerleştirilmelidir
2747	Menu	lessons must be until hour	Zaman Aralığında Olmalıdır
2748	Menu	Group of cards from different classes must be in one day	Farklı Sınıflardaki Kart Grupları Bir Güne Yerleştirilmelidir
2749	Menu	Not enough space for equable distribution of cards %1 in class %2	Kartların Dengeli Planlanması İçin Yeterli Alan Yok %1 Sınıfında %2
2750	Menu	Less cards before specified lesson than requested in class %1 (equable distribution %2)	Dersi özelleştirmeden önce sınıf içinde isteneden daha az kartlar %1 (eşitlenebilir dağıtım %2)
2751	Menu	Custom text to be printed:	Yazdırılacak Özel Metin:
2754	Menu	Group of cards %1 from different classes is not in one day	Farklı Sınıflardaki Kart Grupları %1 Bir Güne Yerleştirilmemelidir
2755	Menu	Are you sure?	Emin Misiniz?
2756	Menu	Print timetables of subjects	Dersleri Ders Programında Yazdır
2757	Menu	View	Görünüm
2758	Menu	Hardest teacher:	En Zor Öğretmen:
2759	Menu	Hardest class:	En Zor Sınıf:
2760	Menu	Conditions broken:	Bozulan Sınırlamalar:
2761	Menu	Time:	Zaman:
2762	Menu	Schedules checked:	Kontrol Edilen Çizelgeler:
2763	Menu	Success - Generation completed	Ders Planı Başarılı Bir Şekilde Oluşturuldu
2764	Menu	Failure - Generation incomplete	Planlama İçin Çözüm Teklifleri
2765	Menu	What shall I do so that it is possible to generate complete timetable?	Hata Çözümleri İçin Tıklayınız
2766	Menu	1. Have you tested your timetable? Computer cannot generate a timetable for whole school if he cannot generate a timetable for one class. And generation of one class can only fail if you have inputted too many constraints on that class's schedule or you simply made some mistakes while inputting class's lessons. During Test the program tries to generate small parts of the schedule so that you can easily find possible mistakes in those subparts that are not successfully generated. You can run Test using menu Timetable/Test. 2. Besides running global test it is also a good idea to try to generate timetables for each class one by one and check the resulting schedules. You can easily check if you have inputted all the lessons for that class, if the divisions you have inputted are correct and if the results of generation are like you expect them to be. Schedule for one class can easily be generated by putting any card of that class into the schedule and then pressing right mouse button and choosing test. Using this you can also test teacher or classrooms. 3. If the schedule is tested you can raise the complexity of generation. In the menu TimeTable/Parameters you can change complexity to large or even huge. However this can extend the generation time so you have to know that this is only for tested schedules. Raising complexity will not save a bad inputted schedules or not tested schedules with mistakes. 4. If two or three attempts fail on higher complexities there is probably some problem in the schedule and you better find it. You can try to look at the cards that left unplaced after generation. Also you can try to generate e.g. half of he schedule by defining the views(menu View/Define). You can find the problem easier in smaller parts. Basically the best approach is from simple to harder. First try to generate your schedule without conditions. Save your timetable under different name(test.roz) and e.g. delete the card relationships/timeoffs and maybe even classrooms. This generation shall be easy and fast. If it is not then you probably have to have a look on the lessons. If this generation is successful then you can start to input more conditions (or create a new test2.roz in which you delete less conditions). Every time when you can generate easier schedule you know you are on a good way and you can add more conditions. For example: first generate a schedule where teachers can teach 8 lessons in a row and have 7 windows per week. If it is possible try with 6 lessons in row and so on. Using this approach it is also easier to find the problems because you know that without some constraints it was possible but after adding them, the schedule is not found. In the end you can use higher complexity because you know your timetable has no basic mistakes. You are just trying to find if a better one exists.	www.ascturkiye.com/video adresindeki eğitim videoları sayfasındaki, "Hatalı Planlama Çözümleri" eğitim videolarını izleyerek teknik destek personelimizin uygulamış olduğu çözümleri görebilirsiniz. Eğer videoları izleme imkanınız yoksa aşağıdaki çözümleri deneyebilirsiniz. 1. Planlama Öncesi Kontrol İşlemi? Ana menüde bulunan "Planlama Öncesi Kontrol" butonu ile datanızı test edebilirsiniz. Eğer kontrol aşamasında hata alıyorsanız öncelikle bu sorunları gidermelisiniz. Çünkü planlama öncesi kontrolde hata veren bir data planlamada da başarılı olmayacaktır. Planlama ilişkileri tanımlamış iseniz önce bunları devre dışı bırakarak planlama öncesi kontrol işlemini deneyiniz. Sonra planlama ilişkilerinizi tek tek devreye alarak planlamınızı tekrar tekrar kontrol ediniz. Bunula ilgili eğitim videolarını www.ascturkiye.com/video adresindeki eğitim videoları sayfasında, Bölüm-6 bulabilirsiniz. 2. Parametreler Butonu? Planlama ve yerleştirme menüsünde bulunan "Parametreler" butonu ile açılan pencerede alt bölümünde bulunan iki seçimin kapalı olmasına dikkat edin. Bu ayarlamalar planlamanın oluşmasına ciddi anlamda engel olmaktadır. 3. Mola/Öğle Arası Tanımlama? Eğer zil saatlerinde mola tanımlamış iseniz, mola güncelle penceresinde en altta bulunan "Çift kartlar kaydın öncesine ve sonrasına bölünemez" ayarının durumunu kontrol ediniz. Bu ayarlamanın seçili OLMAMASI gerekmektedir. Çünkü data dosyanızda çok fazla 2 saatlik kartlar var ve bu ayar aktif ise 2 saatlik kartlar mola öncesi ve sonrası olarak yerleşemeyeceği için planlamanın başarılı olması mümkün olmayacaktır. 4. Öğretmenler İçin Boş Gün Ayarlama? Eğer her hangi bir günü boş gün olarak ayarlanacak öğretmenler var ise bu öğretmenlerin zaman tablosunda bir kapatma yapmayınız. Bunun yerine öğretmenin kısıtlamalar butonundan ders günü sayısını 4 olarak ayarlayınız. Bu sayede hangi günün boş olacağına program karar verecektir. Buda planlama sürecinde programa ciddi bir rahatlama sağlayacaktır. 5. Rehberlik Dersinin Tüm Sınıflarda Aynı Gün Olması? Tüm sınıflarda rehberlik dersinin aynı gün ve saatte olmasını istiyorsanız bunu manuel ayarlamak yerine planlama ilişkisi kullanarak yapmanızı tavsiye ederiz. www.ascturkiye.com/video adresindeki eğitim videoları sayfasında, Bölüm-3 deki 18 numaralı videoyu izleyerek nasıl yapacağınızı öğrenebilirsiniz. Ayrıca rehberlik dersi olan öğretmenlerin hepsinin aynı gün okulda olduğu bir zaman olduğunu kontrol ediniz. Bazen öğretmenlerin zaman tablolarındaki kapalı günler çakışmalara neden olabilmektedir.
2767	Menu	5. You can use automatic relaxation of conditions. In the dialog Timetable/Parameters you can check the appropriate checkbox. Program can broke some of constraints but the result of generation still can be acceptable. 6. If you have locked some cards and there is possibility to put them on some another place try to relocate them. Maybe you have accidentally locked them at the worst possible place. But generally the best is to explain the program where he can put those cards rather then to lock them. 7. You can use more 0. lessons or allow arrival on 2nd lessons for some classes. 8. If you expect that the resulting schedule will have windows for students or you have seminars or some of the student groups can start or finish school in very different time, you can use manual input of when the class has to have lessons. Or you can lock the problematic cards and thus create windows in student’s timetables because algorithm itself cannot create a window in student’s timetable. 9. Last time check if the requests of the teachers are really acceptable. Maybe you can convince them that not everybody can leave school Friday at 10 o’clock and show up on Monday lunch. 10. But in whatever situation you are please feel free to contact us. The best is when you send us the schedule as email to timetables@asc.sk and please provide us simple description of your problem. We will do our best to help you utilize the aSc TimeTables software.	6. Otomatik Planlama İşlemini Bir Kaç Defa Deneyiniz? İlk denemede 1 kaç kart kalıyorsa otomatik planlamayı çok yüksek olarak bir keç kez deneyiniz. Başarılı olduğunuzu göreceksiniz. Eğer bir kaç denemeden sonra hala başarılı olmuyorsanız "Taslak Planlama" yı deneyiniz. Bunula ilgili eğitim videolarını www.ascturkiye.com/video adresindeki eğitim videoları sayfasında Bölüm-6 bulabilirsiniz. 7. Derslikleri Devre Dışı Bırakma? Eğer derslik bazlı bir planlama yapıyorsanız otomatik planlamayı derslikler hariç olarak deneyebilirsiniz. Derliklerden kaynaklı bir çakışma var ise bunu görebilirsiniz. www.ascturkiye.com/video adresindeki eğitim videoları sayfasında Bölüm-6 daki 9 numaralı videoyu izleyerek nasıl yapacağınızı öğrenebilirsiniz.
2768	Menu	Class must start with this hour:	Sınıf Bu Saatte Başlamalıdır:
2769	Menu	Divided cards from one subject must be on one day	Bir Dersin Bölünmüş Kartları Aynı Günde Yer Almalıdır
2770	Menu	Cards left:	Kalan Kart:
2771	Menu	Max. lessons/day	Max. Ders/Gün
2772	Menu	Divided cards of subject %1 in class %2 must be on the same day.	%2 Sınıfındaki %1 Dersinin Bölünmüş Saatleri mutlaka Aynı Gün İçinde Olmalıdır
2773	Menu	Cannot delete type of subject. There are subjects of this type.	Ders Tipi Silinemiyor. Bu Ders Tipi İle Tanımlanmış Dersler Var
2774	Menu	No errors have been found	Hata Bulunamadı
2775	Menu	Manual settings for distribution	Planlama Ayarları
2776	Menu	Distribute cards into this number of days:	Dersin Haftalık Min/Max Gün Sayısı
2777	Menu	In case of more lessons per day, these must be placed consecutively	Aynı Gün Yerleşen Kartlar Ardışık Yerleşmelidir.
2778	Menu	Automatically	Otomatik
2779	Menu	Classroom %1 alone can be generated.	%1 Dersliği Tek Başına Oluşturulabilir
2780	Menu	Likely fault detected in the specification of classroom %1	%1 Dersliğinin Planlamasında Hata Tespit Edildi.
2781	Menu	Lessons per day	Bir Gündeki Ders Sayısı
2782	Menu	Add more lessons	Ders Ekle
2783	Menu	Press Shift while selecting to set the value also to following rows.	Seçim Sırasında Shift Tuşuna Basarak Bilginin Takip Eden Satırlara Aktarılmasını Sağlayabilirsiniz
2784	Menu	Copy to	Kopyala
2785	Menu	Change	Değiştir
2786	Menu	Choose subjects, classes and then pick the change type you would like to perform.	Dersleri, Sınıflari Seçiniz ve Yapmak İstediğiniz Değişikliği Belirtiniz
2787	Menu	The requested changes have been done.	İstenilen Değişiklikler Yapıldı
2788	Menu	Choose only one item please.	Lütfen Sadece Bir Tane Seçiniz
2789	Menu	Weekend:	Hafta Sonu
2790	Menu	Lock	Kilitle
2792	Menu	Import	Bilgi Al
2793	Menu	Import from Clipboard	Excelden Bilgi Al
2794	Menu	Refresh from current clipboard	Panodan Yenile
2795	Menu	Clipboard is empty. Please copy the data into the clipboard and then press button "Refresh from current clipboard"	Pano Şu Anda Boş. Lütfen Bilgiyi Panoya Kopyalayınız ve "Panodan Yenile" Tuşuna Basınız
2796	Menu	Your distributor	Türkiye Distribütörü
2797	Menu	Purchase and register	Hizmet Yenilemek İçin Tıklayınız
2798	Menu	Register now and gain full access to all features of the program:	Programın Lisansını Satın Alarak Programın bütün Özelliklerini Sınırsız Olarak Kullanın:
2799	Menu	HTML Exports: Export timetables of your teachers and students to HTML so that students or their parents can access the schedule from local network or over the internet.	HTML'e Aktarma: Öğretmenlerinizin ve öğrencilerinizin Ders Planlarını HTML Formatına Aktararak Web Sayfanızda Yayınlayabilirsiniz
2800	Menu	MS Excel Exports: All data can be exported to MS Excel to simplify further modifications.	MS Excel'e Aktarma: Programdaki bütün Bilgileri MS Excel Programına Aktarabilirsiniz
2801	Menu	Unlimited printouts on any Windows based printer.	Windows Uyumlu Yazıcılardan Sınırsız Yazdırma Yapabilirsiniz
2802	Menu	Gain access to the substitution program. You can manage your missing teachers and assign substituting teachers. Print daily substitution list or create monthly summaries.	Yer Değiştirme Programı İle Gelmeyen Öğretmenlerin Yerine Başka Öğretmenleri Verebilir, Günlük Yoklama Listelerini ve aylık Toplam Listeleri Alabilirsiniz
2803	Menu	The substitution program is extremely easy to use and user friendly. Even your headmaster can use it! :-)	Yer Değiştirme Programı Çok Kolay Kullanımlı Bir Programdır
2804	Menu	Remember: we constantly innovate the program, we listen to our customers and we do our best to improve the program to reach perfect software.	Hatırlatmak İstiyoruz: Biz Programı Müşterilerimizden Gelen İstekler Doğrultusunda Devamlı Olarak Geliştiriyoruz
2805	Menu	Once you register you can download all the new improvements and new versions of the program from the internet for FREE. We do not charge for upgrades!	Lisanslı Kullanıma Geçtiğinizde Programla İlgili Yenilikleri ve Gelişmeleri İnternet Üzerinden Ücretsiz Olarak Alabilirsiniz
2806	Menu	Registration is easy. Please contact your distributor and tell him your school name. You will receive the registration code within a few days.	Lisans Almak İçin Lütfen Yetkili Satıcınıza Başvurarak Okul isminizi Bildiriniz. Yetkili Satıcı Bir Kaç Gün İçerisinde Size Lisans Kodunuzu Bildirecektir
2807	Menu	Order online	İnternetten Satın Al
2808	Menu	Contact	Bağlantı
2809	Menu	Please choose what do you want to import :	Aktarmak İstediklerinizi Seçiniz :
2810	Menu	This list shows data in the clipboard. Click on column headers to define what each column means.	Bu Listede Kopyalama İşlemi İle Alınan Bilgiler Gösterilir. Boş Sütun Başlıklarına Tıklayarak Her Sütundaki Bilgiyi Tanımlayınız.
2811	Menu	Number of items succesfully imported: %d	Başarılı Olarak Aktarılan Satır Sayısı: %d
2812	Menu	Number of rows that cannot be imported: %d	Aktarılamayan Satır Sayısı: %d
2813	Menu	This will import %d objects.	Bu %d Adet Dersi Aktaracaktır
2814	Menu	Do you want to continue?	Devam Etmek İstiyormusunuz ?
2815	Menu	Use the last value from previous rows if this field is empty.	Eğer Bu Alan Boş İse Önceki Satırlardaki Bilgiyi Kullan
2816	Menu	Delete rows in which this field is empty.	Bu Alanın Boş Olduğu Satırları Sil
2817	Menu	Number of duplicate rows: %d	Bir Birinin Aynı Satırlar: %d
2818	Menu	Sort	Sırala
2819	Menu	Compare	Karşılaştırma
2820	Menu	Compare with last saved version CTRL-L	Son Kaydedilen Versiyon İle Karşılaştır CTRL-L
2821	Menu	Compare with another file	Başka Bir Dosya İle Karşılaştır
2822	Menu	The compared documents are identical.	Karşılaştırılan Dökümanlar Aynı
2823	Menu	Clear	Temizle
2824	Menu	This demoversion cannot save.	Demo Versiyonda Kayıt Yapılamaz !
2825	Menu	Without class	Sınıf Olmadan
2826	Menu	Summary timetables	Özet Program
2827	Menu	HTML pages were placed in the directory:	HTML sayfaları rehbere yerleştirildi.
2828	Menu	List the subject	Dersleri Listele
2829	Menu	Fit	Ekrana Sığdır
2830	Menu	Print styles	Sayfa Tasarımı
2831	Menu	These subjects for the groups of listed classes must start at the same time.	Grup Olarak Tanımlanan Dersler Aynı Zamanda Başlasın
2832	Menu	aSc TimeTables were successfully registered.	aSc k12 Bilişim Ders Planlama Başarıyla Lisanslanmıştır.
2833	Menu	Continue	Devam
2834	Menu	Settings for the column %s	Sütun Ayarları %s
2836	Menu	&Next Page	&Sonraki Sayfa
2837	Menu	Pre&v Page	Önceki Sayfa
2838	Menu	Zoom &In	Yakınlaştır
2839	Menu	Zoom &Out	Uzaklaştır
2840	Menu	Co&lumns	Sütunlar
2841	Menu	One page	Tek Sayfa
2842	Menu	Two pages	İki Sayfa
2843	Menu	Teacher	Öğretmen
2844	Menu	Realized lessons	Gerçekleşen Dersler
2847	Menu	More print settings are now available at the Print Preview.	Daha Fazla Yazdırma Ayarı Yazdırma Önizleme De Mevcuttur
2848	Menu	Timetable for each student	Her Öğrenci İçin Ders Programı
2849	Menu	Timetable for each subject	Tablo Olarak : Dersler
2850	Menu	Summary timetable of classes per days	Sınıfların Günlük Özet Programı
2851	Menu	Summary timetable of teachers per days	Öğretmenlerin Gün Başına Özet Ders Programı
2852	Menu	Summary timetable of classrooms per days	Dersliklerin Günlük Özet Planı
2853	Menu	Set the print style for the cards where:	Yazdırma Biçimini Ayarlayın
2854	Menu	Length: %s	Uzunluk: %s
2855	Menu	Size: %s	Boyut: %s
2856	Menu	Size smaller than %s	%s Den Daha küçük Boyutta
2857	Menu	Number of groups: %s	Grupların Sayısı: %s
2858	Menu	Days are represented by columns	Günler Sütunlar İle Temsil Edilir
2859	Menu	Other	Diğer
2860	Menu	Print full name	Tam Adını Yazdır
2861	Menu	Do not print if entire class	Bütün Sınıf İse Yazdırma
2862	Menu	Do not print if home classroom	Sınıfın Dersliğiyse Yazdırma
2863	Menu	Position:	Pozisyon:
2864	Menu	Font	Yazı
2865	Menu	Edit texts	Yazıyı Güncelle
2866	Menu	Export to:	Aktar:
2867	Menu	Choose directory	Dizin Seçin
2868	Menu	Export pure HTML	Tamamen HTML Olarak Aktar
2869	Menu	Font of Time	Zaman Yazı Tipi
2870	Menu	Font of Lesson	Dersin Yazı Tipi
2871	Menu	Font of Day	Gün Yazı Tipi
2872	Menu	Print time intervals	Zaman Aralıklarını Yazdır
2873	Menu	Text instead of time:	Yazı Yerine Zamanı:
2874	Menu	Print short	Kısa Adını Yazdır
2875	Menu	Print teacher	Öğretmen Yazdır
2876	Menu	Print as Subject:	Dersi Yazdır:
2877	Menu	Print as Teacher:	Yazdırılacak Öğretmen:
2878	Menu	Print as Class:	Yazdırılacak Sınıf:
2879	Menu	Print as Group:	Yazdırılacak Grup:
2880	Menu	Print as Classroom:	Yazdırlacak Derslik:
2881	Menu	If you are having trouble viewing the timetable, click here to view it in pure HTML.	Zaman çizelgesini incelemeyle ilgili bir problem varsa, HTML de incelemek için buraya tıkla.
2882	Menu	Per days	Gün Başına
2883	Menu	Set default print styles	Standart Ayarları Uygula
2884	Menu	Font of the header	Başlığın Yazı Tipi
2885	Menu	Print the note for the day	Gün İçin Not Yazdırın
2886	Menu	Font of the note	Notun Yazı Tipi
2887	Menu	Edit note for the day	Gün İçin Not Düzenleyin
2888	Menu	Alignment	Hizalama
2889	Menu	Left	Sol
2890	Menu	Center	Merkez
2891	Menu	Right	Sağ
2892	Menu	Show columns	Sütunları Göster
2893	Menu	Hide columns	Sütunları Gizle
2894	Menu	Group the rows with the same value	Aynı Değere Sahip Satırları Gruplandırmak
2895	Menu	Meant to teach (number of lessons)	Öğretilecekler(derslerin sayısı)
2896	Menu	Realized lessons	Fark Dersleri
2897	Menu	Total realized lessons	Toplam Fark Dersleri
2898	Menu	Substituted	Yerine
2899	Menu	Standard	Standart
2900	Menu	Absent, substituted lessons	Yer Değiştirilmiş Dersleri Yok
2901	Menu	Date	Tarih
2902	Menu	Authors	aSc Genel Merkez
2903	Menu	Sort the table rows by the following columns:	Aşağıdaki Sütunlar İle Tablo Satırlarını Sıralayın:
2904	Menu	Quit	Çık
2905	Menu	You cannot set the cycle for the lesson without any class.	Sınıf olmadan ders için döngü giremezsin.
2906	Menu	The lesson with no class is mainly used for regular meetings of teachers. Are you sure you want to set the lesson without class?	Öğretmen veya Sınıf Seçmeden Ders Tanımlıyorsunuz !!! İşlemi Onaylıyor Musunuz?
2907	Menu	Invalid name or short ("%s", "%s")	Geçersiz Ad veya Kısa Kodu ("%s", "%s")
2908	Menu	The file has been saved in the newer version of the program and therefore it is not possible to open it. You can download the latest version at:	Data dosyası daha yeni bir versiyonda kaydedilmiş. Bu versiyonda açılaması mümkün değildir. Web sitemizden en son versiyonu indirmelisiniz.
2909	Menu	Invalid teachers:	Geçersiz Öğretmenler:
2910	Menu	Invalid classes:	Geçersiz Derslikler:
2911	Menu	Invalid groups:	Geçersiz Gruplar:
2912	Menu	Invalid classrooms:	Geçersiz Sınıflar:
2913	Menu	Invalid subject:	Geçersiz Dersler:
2914	Menu	Ordering information	Sipariş Bilgisi
2915	Menu	Enter registration code	Lisan Numarasını Girin
2916	Menu	Invalid length:	Geçersiz Uzunluk:
2917	Menu	Yes	Evet
2918	Menu	No	Hayır
2919	Menu	Subject (full name or short)	Ders (tam Adı veya Kısa Koduu)
2920	Menu	Teacher (full name or short)	Öğretmen (tam Adı ve Kısa Koduu)
2921	Menu	Thank you for choosing aSc TimeTables!	Lisansız versiyonda Bulut Tabanlı Planlama Yazdırma ve XML özellikleri kullanılamaz.
2922	Menu	This unregistered version is for evaluation purposes only.	Deneme sürümünde Otomatik Planlama ile ders programı oluşturabilir ve diğer tüm özelliklerimizi kullabilirsiniz.
2923	Menu	To remove this message and gain access to the substitution software please register the software.	Bu uayrıyı görmemek ve tüm özellikleri kullanmak için lisans satın almalısınız. Lisans ücretlerimiz hiç pahalı değildir.
2924	Menu	To continue evaluation of the aSc TimeTables just press the button 'Continue'.	Demo sürüme devam etmek için devam butonuna basınız.
2925	Menu	Maximum number of days that have lesson on the marked positions.	İşaretlenmiş noktalarda ders olan günlerin maksimum sayısı.
2926	Menu	This combobox specifies the maximum number of days that have lesson on marked positions.	Seçilen Değer Ders Olabilecek Maksimum Gün Sayısını Belirler. Tabloda Seçilen Günler Dikkate Alınır.
2927	Menu	There cannot be lesson(s) in the A section together with lesson(s) in the B section on the same day.	A bölümündeki derlerle B bölümündeki dersler aynı günde olamaz.
2928	Menu	This combobox specifies how many exceptions (in days) to the above rule the program shall tolerate.	Yukarıdaki İlişki Seçtiğiniz Gün Kadar Gözardı Edilecek
2929	Menu	Advanced	Gelişmiş
2930	Menu	Help on print preview	Baskı Önizleme Hakkında Yardım
2931	Menu	You can change the look of the print outcome in the print preview.	Yazdır Önizlemede, Yazdırma Sonuç Görünümünü Değiştirebilirsiniz
2932	Menu	Click the RIGHT MOUSE button on the area you wish to change. It can be a card or the header of the table.	Değiştirmek istediğiniz alanı üzerinde iken sağ fare düğmesini tıklatın. Bir kart veya tablo üstbilgisi olabilir
2933	Menu	You can move the separating lines of the table header with the LEFT MOUSE button. This way, you can also set the row height in the summary timetable.	Sol fare düğmesi ile tablo başlıklarını ayıran çizgileri taşıyabilirsiniz. Bu şekilde, siz de özet ders programlarında satır yüksekliğini ayarlayabilirsiniz
2934	Menu	Similarly, you can format the print in the SUBSTITUTIONS:	Benzer Şekilde, Yer Değiştirmeler İçindeki Baskılarıda Biçimlendirebilirsiniz:
2935	Menu	Custo&mize	Özelleştir
2936	Menu	The timetables will have the same look as on the printout of the printer (see print preview). Check the timetables you wish to export:	Zaman çizelgeleri yazıcıdaki baskıyla aynı gözükecektir (baskı önizlemeye bak) göndermek (export ) istwdiğin zaman çizelgelerini kontrol et.
2937	Menu	Press the button "Columns" on the toolbar in order to specify the columns that should be visible in the printout or to define the data order.	Baskıda görünmesi gereken sütunları özelleştirmek ya da bilgi isteğini tanımlamak için araç çubuğundaki "columns " düğmesine bas.
2938	Menu	Use the RIGHT MOUSE button to format the table header or columns and use the LEFT MOUSE button to move the virtual lines separating the columns or set the row height or the height of the table header.	Farenin Sağ Tuşunu Kullanarak Tablo Başlık Ya Da Sütununu; Sol Tuşunu Kullanarak Sütunları Ayıran Çizgileri Veya Satır Ve Tablo Başlık Yüksekliğini Biçimlendirebilirsiniz
2939	Menu	To shift the day, it is necessary to remove all substitutions for the given period. Do you want to continue?	Günü Kaydırmak İçin, Bu Periyoda Yönelik Tüm Yer Değiştirmelerin Kaldırılması Gerekir. Devam Etmek İstiyormusunuz ?
2940	Menu	Print day number	Günleri Sayı Olarak Yazdır
2941	Menu	Login	Hesabı Aç
2942	Menu	Username:	Kullanıcı Adı
2943	Menu	Password:	Şifre
2944	Menu	Logout	Çıkış
2945	Menu	Substituting teacher	Öğretmen Yerine
2946	Menu	Under substituting minimum	En az değişikliğin altında.
2947	Menu	Minimal number of lessons that each teacher has to substitute during the whole school year	Tüm yıl boyunca her bir öğretmenin değiştirmesi gerekenderslerin minimal sayısı
2948	Menu	Substituting minimum:	Asgari Değişiklik:
2949	Menu	You can download or view the exported file here.	Gönderilen dosyayı buradan görebilir ya da indirebilirsin.
2950	Menu	Download from web server	Web Sunucusundan İndirin
2951	Menu	Upload to web server	Web Sunucusuna Yükleyin
2952	Menu	The timetable has been succesfully uploaded to the server.	Zaman çizelgesi başarılı bir şekilde sunucuya yüklendi.
2953	Menu	Set the number of teaching days	Öğretim Gün Sayısını Ayarlayın
2954	Menu	The number of days in which the class should have lessons:	Sınıfın Ders Yapabileceği Gün Aralığı
2955	Menu	Set to all according to this card:	Tümünü Bu Karta Göre Ayarlayın:
2956	Menu	Student	Öğrenci
2957	Menu	My timetable	Benim Ders Programım
2958	Menu	Card	Kart
2959	Menu	Back	Geri
2960	Menu	Header	Başlık
2961	Menu	Registered for:	Kayıtlı Kullanıcı:
2962	Menu	Change the title of the teacher:	Öğretmenin Ünvanını Değiştirin:
2963	Menu	For the student, the lessons start at the period:	İlk Ders Başlama Aralığı
2964	Menu	At first	İlk Olarak
2965	Menu	At the latest	En Geç
2966	Menu	For the student, the lessons end at period:	Son Ders Bitiş Aralığı
2967	Menu	Building	Bina
2968	Menu	Buildings	Binalar
2969	Menu	Maximum number of transits between the buildings per day	Binalar Arasındaki Günlük Transit Sayısı Üst Sınırı
2970	Menu	The classes are not present in the lesson, but some of their students do. Do you wish to remove the students of these classes from the lesson?	Sınıflar dersleri açıklamaz ama bazı öğrencileri yapabilir. Derslerden bu sınıfların öğrencilerini çıkarmak istiyor musun?
2971	Menu	Education block	Eğitim Bloğu
2972	Menu	automatic (highly recommended)	Otomatik (Şiddetle Tavsiye Edilir)
2973	Menu	discontinuous - ignore windows in the timetable of the class	Kesintili - Sınıf Ders Programında Boş Dersleri Görmezden Gel
2974	Menu	Give a warning if the numbers of students in groups differ from optimal at least	Öğrenci Gruplarında Uygun Olarak Belirlenen (En Az) Yüzdelik Sayıdan Farklıysa Uyarı Ver
2975	Menu	Do not offer solutions where the number of students differs from the optimum in more than	En Uygun Olarak Belirlenen Öğrenci Sayısı Fazla Olan Farklı Yerlerde Çözüm Teklif Etmeyin
2976	Menu	Optimize	En Uygun
2977	Menu	remove only classrooms	Sadece Dersliklerin Derslerini Temizleyin
2978	Menu	Students of these seminars must have the same group	46) Seçilen Seçmeli Dersin Öğrencileri Aynı Grupta Olmalıdır.
2979	Menu	For the students, show:	Öğrenciler İçin, Göster:
2980	Menu	Number	Numarası
2981	Menu	Code	Kod
2982	Menu	The entered timetable specification is probably not completed.	Tanımlanan Takvim Özellikleri Muhtemelen Hatalı!
2983	Menu	Unsatisfiable constraint	Sonuçlandırılamayan Kısıtlama
2984	Menu	This constraint is not implemented for classes with multiple divisions	Bu sınırlama fazla bölünmüş sınıflar için uygulanmaz.
2985	Menu	This constraint is not implemented for classes with multi-week cycle	Bu sınırlama çoklu hafta döngüsü olan sınıflara uygulanmaz.
2986	Menu	Disabled constraint	Kısıtlama Devre Dışı
2987	Menu	Size	Boyut
2988	Menu	Set the size of the timetables	Ders Programının Boyutunu Ayarla
2989	Menu	Width of the timetable (in mm):	Zaman çizelgesinin genişliği
2990	Menu	Height of the timetable (in mm):	Program Yüksekliği (Mm):
2991	Menu	Cannot remove currently selected subject.	Seçili Ders Kaldırılamıyor
2992	Menu	Cannot remove currently selected classroom.	Seçili Derslik Kaldırılamıyor
2993	Menu	Load from another timetable file	Başka bir data dosyası yükle
2994	Menu	Card distribution over the week	Ders Kartlarının Günlere Dağılımı
2995	Menu	Distribution of each subject from the list separately	Ders Kartlarının Günlere Dağılımı: Her Ders İçin Ayrı Uygula
2996	Menu	Distribution of the group of cards of the listed subjects	Ders Kartlarının Günlere Dağılımı: Kart Gruplarının Dağılımına Uygula
2997	Menu	The cards can be placed on two following days.	Ders İki Gün Üst Üste Yerleştirilebilir
2998	Menu	The cards cannot be placed on two or three following days.	İlk Ders Gününden İtibaren İki veya Üç Ara Verilmeli
2999	Menu	Use the above settings only for:	İlişki İçin Özel Sınırlandımalar Belirle
3000	Menu	All classes from the list where the number of lessons of this subject(s) is in the interval:	Toplam Saati Aşağıda Belirtilen Sınırlar İçinde Olan Dersler İçin Uygula
3001	Menu	Max	En Fazla
3002	Menu	Min	En Az
3003	Menu	Current state	Geçerli Durum
3004	Menu	Class can have lessons in this interval.	Sınıfın Bu Aralıkta Dersleri Olabilir
3005	Menu	Class %1 exceeded the number of days taught allowed.	%1 Sınıfı İzin Verilen Gün Sayısını Aştı
3006	Menu	Specify relationship between full and divided lessons of the subject	Grup Olarak Tanımlanan Dersler İçin Özel Ayarlar Belirle
3007	Menu	Specify the number of days and the number of lessons per day for the card distribution	Kartların Günlük ve Haftalık Yerleşimini Sınırladır
3008	Menu	Marked positions	İşaretli Pozisyon
3009	Menu	Teacher %1 transits between the buildings more times than allowed.	Öğretmen %1 Binalar Arasındaki Geçişlerde İzin Verilenden Daha Fazla Zamanı Var
3010	Menu	Do you wish to check if there is any new version of aSc Timetables on the Internet?	İnternet Üzerinden aSc k12 Bilişim Ders Planlama Programının Herhangi Bir Yeni Sürümü Olup Olmadığını Kontrol Etmek İstiyormusunuz ?
3011	Menu	There is a new version of the aSc Timetables on the Internet. You can download it for free at:	Yeni Versiyon Bulundu\.nwww.ascturkiye.com adresinden ücretsiz olarak indirebilirsiniz...
3012	Menu	You are using the latest version of the software.	Şuan En Güncel Versiyonu Kullanıyorsunuz
3013	Menu	Tell us	Destek & Öneri Formu
3014	Menu	Anonymous questionnaire	Anonim Anket
3015	Menu	Any questions or comments? Please feel free to report us your problems and suggestions.	Destek veya Önerileriniz İçin Bize Ulaşabilirsiniz. Size Ulaşabiliceğimiz Mobil Telefon Numaranızı Mesajınıza Ekleyiniz
3016	Menu	The server is unavailable, maybe you are not connected to the Internet.	Şuan sunucuya bağlanılamıyor. Belki sorun internet bağlantınızdadır.
3017	Menu	It is now not possible to send your feedback. Please check your internet connection and try again later.	Mesajınızı şuan gönderilemiyor. Lütfe internet bağlantınızı kontrol ediniz.
3018	Menu	It is impossible to check for new version.	Yeni Sürüm Kontrolü Yapmak Mümkün Değildir
3019	Menu	Your E-mail (optional; necessary if you want a response from us):	E-Mail Adresiniz. (Geri Bildirim İçin Gerekli)
3021	Menu	You can also attach the timetable file you are now working with - that can help us in understanding your problem.	Eğer Destek İçin Yazıyorsanız ve Ders Planını İle İlgili Bir Sorun İse Mesajınıza Dosyanızı Eklemelisiniz
3022	Menu	Attach the timetable	Aktif Ders Programını Ekleyin
3023	Menu	Thank you for your comments.	Yorumlarınız İçin Teşekkür Ederiz
3024	Menu	Previous	Önceki
3025	Menu	Next	Sonraki
3026	Menu	Questions? Comments? Write us.	Sorular? Yorumlar? Bize Yazın
3027	Menu	Do you like aSc Timetables?	aSc k12 Bilişim Ders Planlama Programı Gibi Mi?
3028	Menu	Global for all:	Hepsi İçin Genelle:
3029	Menu	Only for:	Sadece Bunu:
3030	Menu	Ask for help	Eğitim Videolarını Göster
3031	Menu	Application look	Uygulama Renk Teması
3033	Menu	Card %1 doesn't have complement in other weeks.	%1 Kartı Diğer Hafta İçinde Tamamlanamayacak
3034	Menu	Cyclic cards are on too many positions in class %1.	%1 Sınıfında Çok Sayıda Döngü Oluşturan Kart Pozisyonu Bulunmaktadır
3035	Menu	Not enough single hours to fill holes in class %1.	Tek Saat Sınıftaki Boşlukları Doldurmak İçin Yeterli Değil %1
3036	Menu	Not enough free positions for unplaced cards in class %1.	Sınıfta Yerleştirilmemiş Kartları İçin Yetersiz Boş Pozisyon %1
3037	Menu	This constraint is not implemented for lessons with multi-week cycle	Bu kısıtlamalar çoklu hafta döngüsündeki dersler için uygulanmıyor.
3038	Menu	Contacting the internet server. This can take some time, please be patient.	İnternet Sunucusuna Bağlanılıyor. Bu Biraz Zaman Alabilir, Lütfen Sabırlı Olun
3039	Menu	Please wait	Lütfen Bekleyin..
3040	Menu	Rearrange students in seminar sections	Seçmeli Ders Bölümlerinde Öğrencileri Yeniden Düzenleyin
3041	Menu	Impossible	İmklansız
3042	Menu	In case you have specified your email, we will reply to you shortly.	E-posta Belirtirseniz Kısa Sürede Size Cevap Verilecektir
3043	Menu	Use room capacities	Planlamada derslik kapasiteleri dikkate alınsın.
3044	Menu	Are you sure you want to send your feedback without your e-mail address?	E-posta adresi olmadan görüşlerinizi göndermek istediğinizden emin misiniz?
3045	Menu	Show demo files	Demo Dosyaları Göster
3046	Menu	Basic	Basit
3047	Menu	International	Uluslararası
3048	Menu	Training	Deneme
3049	Menu	Simple	Basit
3050	Menu	Help	Yardım
3051	Menu	Start timetable generation	Otomatik Planlamayı Başlat.
3052	Menu	Timetable generation	Ders Programı Oluştur
3053	Menu	Apply to selected teachers	Seçilen Öğretmenlere Uygula
3054	Menu	Apply to selected classes	Seçilen Sınıflara Uygula
3055	Menu	All teachers	Tüm Öğretmenler
3056	Menu	All subjects	Tüm Dersler
3057	Menu	Minimal number of periods with education per day on selected positions (empty day is ok)	Seçilmiş durumlarda haftalık dersler için periodların mininal sayıları.
3058	Menu	Max gaps per day on selected positions	Seçilen Pozisyonlarda Günlük En Fazla Boşluk
3059	Menu	Max gaps per week on selected positions	Seçilen Pozisyonlarda Haftalık En Fazla Boş Ders Sayısı
3060	Menu	Max consecutive periods of education on selected positions	Seçilen Pozisyonlarda En Fazla Ardışık Periyotlu Eğitim
3061	Menu	Apply to:	Uygula
3062	Menu	Card relationship type:	Kart İlişki Türü:
3063	Menu	Importance of this card relationship:	Planlamadaki Önemi
3064	Menu	Normal	Normal
3065	Menu	Low	Düşük
3066	Menu	High	Yüksek
3067	Menu	Importance	Önemli
3068	Menu	Quick selection	Hızlı Seçim
3069	Menu	Click here for the online help: http://help.asctimetables.com	Çevrimiçi Yardım İçin Tıklayın: http://help. Asctimetables.com
3070	Menu	Max number of lessons on the same period per week	Haftanın Aynı Periyodunda En Fazla Ders Sayısı
3071	Menu	Constraints	Kısıtlamalar
3072	Menu	Allow relaxation	İdeal Planlama
3073	Menu	Strict	Sıkı(%/100)
3074	Menu	You have to test the timetable before generation! There is no sense in generating timetable that has not passed the test.	Planlamayı başlatmadan önce mustlaka kontrol yapmalısınız! Tanımlamalarınızda hatalar var ise onları görebilirsiniz.
3075	Menu	It is a good idea to test the timetable in case you have made bigger changes in the input.	Veri Girişlerinde Büyük Değişiklikler Yapılması Durumda, Planlama Öncesi Kontrol İşlemi Tavsiye Edilir
3076	Menu	Min number of days that have lesson on the marked positions.	İşaretlenmiş durumlarda dersi olan günlerin minumum sayısı
3077	Menu	Allow network generators to help with this timetable.	Ağ Üreteçlerinin Bu Ders Planlama Programı İçin Yardım Sağlamasına İzin
3078	Menu	CHECK and FIX this problem	Hatayı Görüntülemek İçin Tıklayınız
3080	Menu	Test this item AGAIN	Bu Öğeyi Tekrar Test Et
3081	Menu	Test with RELAXATION	İlişkileri Görmezden Gelerek Testi Tekrarla
3082	Menu	SKIP this and continue testing	Yok Say ve Test Etmeye Devam Et
3083	Menu	HELP. Show me HELP.	Yardım İstiyorum
3084	Menu	END test	Testi Durdur
3085	Menu	Apply globally	Küresel Uygula
3086	Menu	Maximal number of periods with education per day on selected positions	Seçilmiş durumlarda günlük dersler için periodların en fazla sayısı
3087	Menu	There cannot be lesson in one day in A positions AND lesson on the next day in B positions	36) Seçili Tablolardaki A Pozisyonundaki Ders ve Sonraki Gün B Pozisyonunda Olamaz.
3088	Menu	Apply to selected subjects in selected classes	Seçilen Sınıflardaki Derslere Uygula
3089	Menu	Customize texts on cards	Kartların Üzerindeki Yazıyı Özelleştir
3090	Menu	Class has to be in one building during the whole day.	Sınıf Tüm Gün Aynı Binada Olsun
3091	Menu	Number of periods needed to transfer between buildings.	Binalar Arasında Ulaşım İçin Gereken Ders Arası
3092	Menu	Related timetables	Ders Programı İle iglili
3093	Menu	Show	Göster
3094	Menu	Min number of periods with education per week on selected positions	Seçilmiş durumlarda haftalık dersler için periodların mşnimum sayısı
3095	Menu	Max number of periods with education per week on selected positions	Seçili Pozisyonlarda Çok Sayıda Haftalık Eğitim Periyodu
3096	Menu	Lessons A must be on the same positions as lessons B	A dersi ve B dersi aynı periyotta olmalı
3097	Menu	exceptions allowed	Gözardı Edilecek Ders/Kart Sayısı
3098	Menu	Max cards on one period	02) Bir Periyot İçinde, Seçilen Değerden Fazla Kart Sayısı Olamaz.
3099	Menu	This demoversion will save your timetable data. However the positions of lessons will not be saved in demo version.	Bu demo versiyon program datanı kaydedecek. Ama derslerin pozisyonları demo versiyonunda kaydedilmeyecek.
3100	Menu	Contact the server	Sunucuya Ulaşın
3101	Menu	There are no lessons in your timetable. Please define some in menu Specification/Teachers/Lessons	Programınızda ders bulunmamaktadır. Lütfen Tanımlama İşlemleri/Öğretmenler/Ders atama menüsünden ders atayınız
3102	Menu	Quick Share	Hızlı Paylaş
3103	Menu	I already have a EduPage password.	Zaten bir edupage şifrem var.
3104	Menu	aSc TimeTables can publish your timetable on the internet so that you can share it with your students and colleagues. It is FREE!. Just click button 'Quick Share' now.	Öğrencilerin ve öğretmenler görebilsin diye ders programları Edupage sitende yayınlayacak. Sadece hızlı paylaşım düğmesine basman yeterli.
3105	Menu	Browse	Gözat
3106	Menu	Recent files:	Son Kullanılanlar..
3107	Menu	Lesson grid	Ders Çizelgesi
3108	Menu	Options	Araçlar
3109	Menu	Split joined classes	Birleştirilmiş sınıfları ayır
3110	Menu	Are you sure you want to delete %1 lessons?	Seçilen ( %1 ) Saatlik Ders Silinecek? Silme İşlemini Onaylıyormusunuz?
3111	Menu	Join classes	Sınıfları Ekleyin
3112	Menu	Divide class into groups	Gruplar Halinde Sınıfı Bölün
3113	Menu	Cancel division	Bölünme İptal
3114	Menu	Click on button below to get help on this feature.	Bu Özellik Hakkında Yardım Almak İçin Aşağıdaki Butona Tıklayın
3115	Menu	(beta) Apply to selected classrooms	(Beta) Seçilen Dersliğe Uygula
3116	Menu	All classrooms	Tüm Derslikler
3117	Menu	Show tabs	Sekmeleri Göster
3118	Menu	Without teacher	Öğretmen Olmadan
3119	Menu	Custom fields	Özel Alanlar
3120	Menu	Rename	Yeniden Adlandırmak
3121	Menu	Room supervision	Nöbet/Gözetim
3122	Menu	Add room supervision	Oda Denetimi Ekle
3123	Menu	Remove room supervision	Oda Gözetimini Sil
3124	Menu	Design	Dizayn
3125	Menu	Add field "%s" to the printout design	Çıktıyı Tasarım Alanına "% s" ismiyle Ekle
3126	Menu	Do you really want to permanently delete design "%s"?	Kalıcı Tasarımı "%s" Silmek İstiyormusunuz ?
3127	Menu	Save changes to design "%s"?	Tasarımdaki Değişiklikleri Kaydet "%s"?
3128	Menu	Cannot delete timetable object	Ders Planlama Programı Kaydı Silinemedi
3129	Menu	Save changes	Değişiklikleri Kaydet
3130	Menu	Cancel changes	Değişiklikleri İptal Et
3131	Menu	Edit design	Tasarımı Güncelle
3132	Menu	Remove design	Tasarımı Kaldır
3133	Menu	Add object	Kayıt Ekle
3134	Menu	Delete object	Kaydı Sil
3135	Menu	Send to background	Arka Plana gönder
3136	Menu	Properties	Özellikler
3137	Menu	Timetable settings	Yazdırma Ayarları
3138	Menu	Apply	Uygula
3139	Menu	Copy	Kopyala
3140	Menu	Delete	Sil
3141	Menu	New	yeni
3142	Menu	Picture	Küçük Resim Seç
3143	Menu	Borders	Kenarlıklar
3144	Menu	Font color:	Yazı Tipi Rengi:
3145	Menu	Background color:	Arka Plan Rengi
3146	Menu	Line color:	Çizgi Rengi:
3147	Menu	You cannot edit default fields here, please add your customfields by using button "Add"	Standart alanları burada düzenleyemezsin. Ama yeni bir özel alan ekleyebilirsin.
3148	Menu	School	Temel Bilgiler
3149	Menu	Address: street	Adres: cadde
3150	Menu	Address: city	Adres: Şehir
3151	Menu	Please input the name of a NEW custom field:	Lütfen Yeni Özel Alanın Adını Girin:
3152	Menu	Please input the name of the new design:	Lütfen Yeni Tasarımın Adını Girin:
3153	Menu	Encoding:	Kodlama:
3154	Menu	The design file "%s" is not available on this computer.	%s adlı tasarım dosyası bu bilgisyarda bulunmadı.
3155	Menu	Print subject pictures	Fotoğrafları yazdırın
3156	Menu	Apply this design to:	Bu Tasarıma Uygula
3157	Menu	This is your new design for {%1}.	Bu Sizin Yeni Tasarımınız {%1}
3158	Menu	Change this text	Bu Yazıyı Değiştirin
3159	Menu	Value	Değer Verme
3161	Menu	Subjects in this timetable have some pictures. However the picture files are not located on this computer. Please copy them to %s.	Bu programdaki bazı dersler için özel resim seçilmiş. Ama seçilen resim dosyaları bu bilgisayara bulunmadı. Lütfen onları %s e kopyalarmısın. Yada derslerin özel resimlerini iptal edebilirsin.
3162	Menu	Minutes	Dakika
3163	Menu	Change division	Bölümü Değiştirin
3164	Menu	Enable multiprocessor generator	İşlemci Gücünü Maksimum Oranda Kullan
3165	Menu	Remove %s from	%s Den(dan) Sil
3167	Menu	Rename '%s' to	'%s' Yeniden Adlandır
3168	Menu	Please input some data in menu Specification.	Lütfen Tanımlama İşlemleri menüsünden bilgi girişi yaparmısın.
3169	Menu	This room requires supervision	Nöbet/Gözetim Gereken Alan
3170	Menu	optional	İsteğe Bağlı
3171	Menu	Nearby classrooms	Yakındaki Derslikler
3172	Menu	Change division	Bölümü Değiştirin
3173	Menu	You are about to save changes to the standard design. Standard designs are overwritten when installing a new version, so it is recomended that you save this changes under your new name.	Değişiklikleri standart tasarıma kaydetmek üzeresin. Standard tasarımlar yeni bir versiyon yüklenirken üzerine yazılıyor. Bu yüzden değişiklikleri yeni ismin altına kaydet.
3174	Menu	Database	Veritabanı
3175	Menu	Synchronization with database	Veritabanı İle Eşitle
3176	Menu	Add	Ekle
3177	Menu	Ignore	Ekleme
3178	Menu	Link	Link
3179	Menu	Delete	Sil
3180	Menu	Keep	Koru
3181	Menu	Object	Kayıt
3182	Menu	Action	Hareket
3183	Menu	No differences found.	Hiçbir Fark Bulunamadı
3184	Menu	Differences found:	farklılıklar Bulundu:
3185	Menu	Are you sure you want to remove %1 object(s) from timetable?	Ders Planlama Programındaki %1 Kayıt(ları) Silmek İstediğinzden Emin Misiniz?
3186	Menu	Synchronize with server	Sunucuyla Eşitle
3187	Menu	The lessons of this class will be also removed.	Bu Sınıfın Dersleri De Silinecektir
3188	Menu	Click the RIGHT MOUSE button on the area you wish to change.	Değiştirmek istediğiniz alanı üzerinde iken sağ fare düğmesini tıklatın
3189	Menu	Min cards on single position	Tek Pozisyon Üzerinde Min Kart
3190	Menu	Drop link	Bağlantıyı Bırak
3191	Menu	Combine divisions	Bölümleri Birleştirme
3192	Menu	Remove design from all classes/teachers	Tüm Sınıflardan/Öğretmenlerden Tasarımı Kaldır
3193	Menu	Today's substitutions - alternative layout	Günün Değişiklikleri - Alternatif Plan
3194	Menu	Move	Hareket
3195	Menu	Suggested moves	Önerilen Hareket
3196	Menu	Change this lesson:	Bu Dersi Değiştirin:
3197	Menu	Do you really want to delete entry? %s	Veri Girişini Silmek İstiyormusunuz ? %s
3198	Menu	Missing: %s You cannot delete this entry. Delete the missing first.	Eksik: %s Bu Girdiyi Silemezsiniz. Önce İlk Kaydı Silmelisiniz !
3199	Menu	The lesson was moved	Ders Taşındı
3200	Menu	Periods	Günlük Zil Saatleri
3201	Menu	Days	Günler
3202	Menu	Groups	Grup Bilgisi
3203	Menu	You cannot delete this type of the substitution.	Bu türdeki değişiklikler silinemez.
3204	Menu	Online help	Online Yardım
3205	Menu	Registration name	Kayıt Adı
3206	Menu	Print duties in summary timetables	Görevleri özet ders programında yazdır
3207	Menu	More/less supervisions count than defined in teacher's constraints	Öğretmen kısıtlamalarında daha az ya da daha çok denetleme sayımı
3208	Menu	More/less minutes than defined in teacher's constraints	Öğretmenlerin kısıtlamalarında tanımlanandan daha az ya da daha çok dakika
3209	Menu	Equal count for each teacher	Her Öğretmeni Eşit Saymak
3210	Menu	Equal minutes for each teacher	Her Öğretmen İçin Eşit Dakika
3211	Menu	Teacher teaches before OR after	Öğretmenler önce ya da sonra ders verirler
3212	Menu	Teacher teaches before AND after	Öğretmenler önce ve sonra ders verirler
3213	Menu	In nearby classroom before OR after	Sınıf civarında önce ya da sonra
3214	Menu	In nearby classroom before AND after	Sınıf civarında önce ve sonra
3215	Menu	During double/longer lesson	Uzun/Çift Ders Süresince
3216	Menu	On a day without lessons	Derssiz bir gün
3217	Menu	Before first teacher's lesson	İlk Öğretmenin Dersinden Önce
3218	Menu	After last teacher's lesson	Son Öğretmenin Dersinden Sonra
3219	Menu	All on one day	Bütün Bir Gün
3220	Menu	Continuously	Sürekli Olarak
3221	Menu	Line width	Çizgi Genişliği
3222	Menu	Main	Ana Menü
3223	Menu	Generate new	Otomatik Planlamayı Başlat
3224	Menu	The generation was successful, however some constraints had to be relaxed.	Planlama Sonucu Başarılı Oldu. Fakat Bazı Kısıtlamalar ve İlişkiler Gözardı Edildi.
3225	Menu	OK. Show me the relaxed conditions.	Gözardı Edilen İlişki ve Kısıtlamaları Göster.
3226	Menu	Relaxed constraints	Gözardı Edilen İlişki ve Kısıtlamalar
3227	Menu	Demo timetable	Demo Tablo
3228	Menu	Tutorial	Öğretici
3229	Menu	Number of days:	Gün Sayısı
3230	Menu	Back	Geri
3231	Menu	You are currently editing lessons for %1. However you've just inputted a lesson for %2. Do you want to continue and add this lesson anyway?	Şu An %1 İçin Dersleri Düzenliyorsunuz. Ancak Sadece %2 İçin Bir Ders Girmişsiniz. Yine De Bu Derse Devam Etmek ve Eklemek İster Misiniz?
3232	Menu	Class level	Sınıf Düzeyi
3233	Menu	Show tutorial	Eğitim ve Tanıtım Videoları
3234	Menu	Create new timetable	Sihirbaz İle Yeni Planlamaya Başla
3235	Menu	Demo files	Örnek Demo Dosyalar
3236	Menu	Online help	Çevrimiçi Yardım
3237	Menu	Check prices/Purchase the software	Fiyat Listesi İçin Tıklayınız
3238	Menu	Input registration code	Lisans Numarası Girişi
3239	Menu	Contact us	k12 Bilişim ( 0850 212 15 12 )
3240	Menu	Max different period numbers per week	22) Haftalık En Fazla Farklı Ders Sayısı Seçilen Değerden Fazla Olamaz.
3241	Menu	Lines between days	Günler Arasında Hatlar
3242	Menu	Lines between periods	Periyotlar Arasındaki Çizgiler
3243	Menu	Add legend	Hazır Şema Ekle
3244	Menu	Empty field means that this room can accomodate any number of students	Bir Değer Girilmez İse, Program Sınırsız Öğrenci Olarak Algılar
3245	Menu	Open from disk	Diskten Aç
3246	Menu	Export of lessons/cards is limited to max 10 items. You need a special computer license code for full export. Please check this help link:	En fazla 10 kayıt rapora aktarılacaktır. Tüm kayıtları aktarmak için PC lisans almanız gerekmektedir. bilgi@k12bilisim.net adresine mail gönderebilirsiniz.
3247	Menu	Please input also short name for the following days:	Lütfen Takibeden Günler İçin Ayrıca Kısa Kodu Girin:
3248	Menu	Show Quick access toolbar	Hızlı Başlat Tuşlarını Göster/Gizle
3249	Menu	Show Main toolbar	Ana Menü Tuşlarını Göster/Gizle
3250	Menu	Blue toolbar	Mavi
3251	Menu	Black toolbar	Siyah
3252	Menu	Silver toolbar	Gümüş
3253	Menu	White toolbar	Su
3254	Menu	Normal font	Normal Yazı
3255	Menu	Large font	Büyük Yazı
3256	Menu	Customize	Özelleştir
3257	Menu	Display shadows on cards	Kartların Ekran Gölgeleri
3258	Menu	For most timetables you do not need to input students. It shall be enough to input classes and if needed groups.	Ders Planlama Programı Hazırlamanız İçin Genellikle Öğrencileri Girmeniz Gerekmez. Bu Girişleri Yapacaksanız Sınıflar İçin Yeterli Düzeyde Olmalı ve Gerekirse Gruplar Düzenlenmelidir
3259	Menu	For more information please consult this help topic:	Daha Fazla Bilgi İçin Web Sitemize Bağlanın:
3260	Menu	OK, I want to input students and their picks	Seçmeli Ders Planlaması Yapacağım
3261	Menu	Infocard color:	Bilgi Kartı Rengi
3262	Menu	Timetable background color:	Çalışma Ekranı Arka Plan Rengi
3263	Menu	Students / Seminars	Seçmeli Dersler
3264	Menu	Delete student	Öğrenciyi Sil
3265	Menu	Classroom capacity exceeded	Sınıf Kapasitesi Aşıldı
3266	Menu	Minimum periods+gaps per day (empty day is OK)	3266# Günlük En Az Periyot Uzunluğu (Boş Ders Dahil) (Boş Günler Dikkate Alınmaz)
3267	Menu	Maximum periods+gaps per day	Periyotlarda+Günlük En Fazla Boşluk
3268	Menu	Maximum free days between education during week	Hafta boyunca ders arasındaki en fazla boş gün sayısı
3270	Menu	Press Enter	Enter'a Basın
3271	Menu	This legend will show:	Bu Tablo Şunu Gösterecektir:
3272	Menu	Automatic font height	Otomatik Yazı Yüksekliği
3273	Menu	Fixed font height	Sabit Yazı Tipi Yüksekliği
3274	Menu	Alwyas on Top	Her Zaman Üstte
3275	Menu	Before	Önce
3276	Menu	After	Sonra
3277	Menu	There cannot be lesson in the A section together with lesson in the B section on the same position	Aynı durumda A bölümündeki derslerle B bölümündeki birlikte olamaz
3278	Menu	There cannot be lesson in the A section followed by lesson in the B section	B bölümündeki dersler tarafında A bölümündeki dersler takip edilemez.
3279	Menu	Registration code:	Kayıt Kodu
3280	Menu	If you do not have the registration name and code, you can purchase it online:	Eğer lisansınız bulunmuyor ise bize 0850 212 15 12 numaralı telefondan ulabilirsiniz
3281	Menu	or you can contact your software distributor:	yada www.ascturkiye.com adresinden fiyatlarımızı ve avatajlı paketlerimizi görebilirsiniz.
3282	Menu	The software is already registered to this name:	Programınız Daha Önce Başarı İle Lisanslanmıştır
3283	Menu	Do you want to input different registration name and registration code?	Lisans Numarasını Değiştirmek İstiyormusunuz ?
3284	Menu	The selected subjects have to be at the same time in all selected classes.	Seçilen Derslerin Seçilmiş Her Sınıfla Aynı Zamanda Olması Gerekir
3285	Menu	Max consecutive days	En Fazla Ardışık Gün
3286	Menu	This subject must be on the same period each day	Bu Ders Her Gün Aynı Periyotta Olmalıdır
3287	Menu	Per week	Hafta Başına
3288	Menu	Per day	Gün Başına
3289	Menu	New objects have been found during import:	Giriş sırasında yeni objeler bulunabilir.
3290	Menu	Max different rooms per day	24) Günde En Fazla Farklı Derslik Sayısı Seçilen Değerden Fazla Olamaz.
3291	Menu	Max different rooms per week	25) Haftalık En Fazla Farklı Derslik Sayısı Seçilen Değerden Fazla Olamaz.
3292	Menu	Action %1 can not be done on %2 objects. Would you like to do it for rest of objects?	Eylem %1, %2 Kayıtları İçin Yapılamaz. Kayıtların Kalanı İçin Bunu Yapmak İster Misiniz?
3293	Menu	WARNING! Before using this function, please read documentation. <A HREF="%HELP%">You can find it here</A>. Did you read the documentation?	Uyarı Bu fonksiyonu kullanmadan önce lütfen kullanım klavuzunu oku. <A HREF="%HELP%">Burada bulabilirsin.<\A>Kullanım klavuzunu okudun mu?
3294	Menu	Supervision	Gözetim
3295	Menu	Supervisions	Denetimler
3296	Menu	Move lessons	Dersleri Taşıma
3297	Menu	Please make sure that you have input the registration name exactly as provided.	Hatalı Lisans Adı !
3298	Menu	Your license expires on %d/%d. Please contact your reseller for new registration code.	Lisans Süreniz ( %d/%d ) Ay Sonunda Bitecektir. Hizmet yenilemek için aşağıdaki linki kullanabilirsiniz. aSc Türkiye - www.ascturkiye.com / 0850 212 15 12
3299	Menu	Make active	Aktif Edin
3300	Menu	Deactivate	Devre Dışı Bırakın
3301	Menu	ID	ID
3302	Menu	Course group	Ders Grubu
3303	Menu	Modify current view	Geçerli Görünümü Güncelle
3304	Menu	Set default texts and colors	Varsayılan Yazı ve Renkleri Ayarla
3305	Menu	Subjects in columns	Sütunlarda Dersler
3306	Menu	Student's choices	Öğrencilerin Seçenekleri
3307	Menu	Please select a teacher. If you don't know the teacher yet, select option "Without teacher" at the bottom of the teacher's list. You can add the teacher any time later.	Lütfen Bir Öğretmen Seçiniz. Henüz Öğretmeni Bilmiyorsanız, Öğretmenin Listesinin Altındaki "Öğretmen Olmadan" Seçeneğini Seçin. Daha Sonra İstediğiniz Zaman Öğretmen Ekleyebilirsiniz
3308	Menu	Student's name	Öğrenci Adı
3309	Menu	Optional/Optimize	Opsiyonel/Optimize
3310	Menu	Alternative to	Alternatif İçin
3311	Menu	Disabled	Devre Dışı
3312	Menu	Days/Weeks/Terms	Günler/Haftalar/Şartlar
3313	Menu	Teacher's contract	Toplam Ders Saati
3314	Menu	Total teacher's lessons	Öğretmenin Toplam Dersi
3315	Menu	Overtime lessons	Fazla Mesai Dersleri
3316	Menu	Customize the software	Yazılımı Özelleştir
3317	Menu	Mo	Pa
3318	Menu	Tu	Sa
3319	Menu	We	Ça
3320	Menu	Th	Pe
3321	Menu	Fr	Cu
3322	Menu	Sa	Cu
3323	Menu	Su	Pa
3324	Menu	Period	Saat
3325	Menu	Expand/Colapse	Genişlet/Daralt
3326	Menu	Grouped constraints	Gruplandırılmış Kısıtlamalar
3327	Menu	Term	Dönem
3328	Menu	All periods	Tüm Periyotlar
3329	Menu	All students	Tüm Öğrenciler
3330	Menu	Outside lines	Dış Hatlar
3331	Menu	Inside lines	İç Hatlar
3332	Menu	Specify counts per page:	Sayfa Başına Sayıları Belirtin
3333	Menu	OK	Tamam
3334	Menu	Per height:	yüksekliğe Göre
3335	Menu	Per width:	genişliğe Göre
3336	Menu	Custom	Değer Belirterek
3338	Menu	For each subject	Her Ders İçin
3339	Menu	Summary timetable of students	Öğrencilerin Ders Programı Özeti
3340	Menu	Summary timetable of subjects	Derslerin Özet Programı
3341	Menu	Select your report:	Raporunuzu Seçin:
3342	Menu	Modify structure	Tablo Yapısını Değiştir
3343	Menu	Global settings	Genel Ayarlar
3344	Menu	Extra columns/rows	Ekstra Satır/Sütun
3345	Menu	Sizes/widths	Sayfa Yapısı
3346	Menu	Colors	Renkler
3347	Menu	Right to Left	Sağdan Sola
3348	Menu	Close preview	Ön İzlemeyi Kapat
3349	Menu	Previous page	Önceki Sayfa
3350	Menu	Next page	Sonraki Sayfa
3351	Menu	Print preview	Yazdır Önizleme
3352	Menu	Print one page for:	Sütunlar:
3353	Menu	Rows:	Satırlar:
3354	Menu	Set default layout	Standart Ayarları Uygula
3355	Menu	Cells:	Hücreler:
3356	Menu	Fit height to one page	Sayfa Yüksekliğinde Sığdır
3357	Menu	Hide empty rows	Boş Satırları Gizle
3358	Menu	Fit width to one page	Sayfa Genişliğinde Sığdır
3359	Menu	Hide empty columns	Boş Sütunları Gizle
3360	Menu	Print report properties	Rapor Özelliklerini Yazdır
3361	Menu	Extra rows	Fazladan Satır
3362	Menu	Extra columns	Fazladan Sütun
3363	Menu	Column header text:	Sütun Üst Bilgi Metni:
3364	Menu	Select a custom field:	Özel Alan Seçin:
3365	Menu	Row header text:	Satır Üst Bilgi Metni:
3366	Menu	Row	Satır
3367	Menu	Column	Sütun
3368	Menu	Empty	Boş
3369	Menu	Sum of lessons	Derslerin Toplamı
3370	Menu	Teachers who teach these lessons	Bu Dersleri Veren Öğretmenler
3371	Menu	Classrooms where these lessons are taught	Bu Dersliklerde Okutulan Dersler
3372	Menu	Add sections	Grup Ekle
3373	Menu	Hide subjects without seminars	Sadece Seçmeli Dersler
3374	Menu	Left	Kalan
3375	Menu	Distribution	Dağılım Şekli
3376	Menu	%d student(s) selected	%d Öğrenci(ler) Seçildi
3377	Menu	Create lessons(s) for subject:	Seçmeli Dersler İçin Grup Oluşturun:
3378	Menu	Assign	Atamak
3379	Menu	Clear	Temizle
3380	Menu	Assign to group	Bu Gruba Gönder
3381	Menu	%d students	%d Öğrenciler
3382	Menu	Clear group info	Grup Bilgilerini Temizle
3383	Menu	Change class to: %s	Sınıf Değiştirme: %s
3384	Menu	Assign to new class	Yeni Sınıfa Atayın
3385	Menu	Combine	Birleştir
3386	Menu	Remove students	Öğrencileri Sil
3387	Menu	Lock all picks	Grup ve Ders Yerleşimini Kilitle
3388	Menu	Unlock all picks	Grup ve Ders Yerleşim Kilidini Aç
3389	Menu	Are you sure to assign these subjects %s to these students: %s	Aşağıdaki Dersler %s Aşağıdaki Öğrencilere Atanacak: %s
3390	Menu	Add students	Öğrencileri Ekle
3391	Menu	Adding students Please choose how you would like to add students Note: you can also import students from MS Excel. See help link.	Öğrencileri Ekleme. Lütfen Öğrencileri Nasıl Eklemek İstiyorsanız Seçin. Not: Ayrıca, MS Excel'den Öğrencileri Ekleyebilirsiniz. Bağlantıdaki Yardıma Bakın
3392	Menu	Add one student Add only one students(and optionally his picks)	Bir Öğrenci Ekle Sadece Tek Bir Öğrenci (Ve İsteğe Bağlı Olarak Yapacağı Seçimleri) Ekleyin
3393	Menu	Add more students	Daha Fazla Öğrenci Ekle
3394	Menu	Do you really want to delete selected student(s)?	Seçilmiş Öğrencileri Silmek İstiyormusunuz ?
3395	Menu	Term %d	Dönem %d
3396	Menu	Show students that have subject %s AND %s	Dersi Olan Öğrencileri Göster %s VE %s
3397	Menu	T%d	T%d
3398	Menu	Please input Subjects first. You can input them in the main screen, or import them via Import button.	Lütfen önce dersleri gir. Ana menüden girebilirsin ya da Bilgi Al butonu ile veri alabilirsin.
3399	Menu	Please input classes(grades) first. You can input them in the main screen, or import them via Import button.	Lütfen önce sınıfları girin. Giriş menüsünden Bilgi Al ile hızlıca veri aktarabilirsin.
3400	Menu	Displaying %d rows.	Satırları %d Görüntüle
3401	Menu	%d students selected. Total: %d	%d Öğrenciler Seçildi. Toplam: %d
3402	Menu	Name of the new class	Yeni Sınıfın Adı
3403	Menu	Select the number of terms. Number higher then 1 is useful for schools that have different timetables part of year. You will then be able to specify for each lesson, in which term or terms it can take place.	Dönemlerin Sayısını Belirleyin. Bu Sayı Yıl İçinde Farklı Ders Planlama Program Özelliği Olan Okullar İçin Yararlıdır. Daha Sonra Öğretmen Girişlerinde Her Bir Ders İçin Hangi Dönem veya Dönemlerin Yer Alacağının Belirtilmeside Mümkün Olacaktır
3404	Menu	Select the number of weeks. This is useful for schools that have different timetable in even/odd week. The software can also decide in which week lesson will take place in case you allow the lesson to be in either week.	Hafta Sayısını Seçin. Bu Seçenek Tek/Çift Hafta, Uygulaması Gibi Farklı Bir Düzenlemesi Olan Okullar İçin Yararlıdır.Yazılım Sayesinde Ayrıca, Hangi Dersin Hangi Haftada Kaç Saat Olması Gerektiğine De Karar Verebilirsiniz
3405	Menu	Select the number of days. If you have teaching monday-friday, specify 5. If you have also education on Saturday choose 6. If you have two different days like DayA/DayB then leave 5 as days number, but create your new 'days' using the button combine.	Gün Sayısını Belirleyin. Eğer Pazartesi'den Cuma'ya Öğretim Varsa, 5 Olarak Seçin. Cumartesi Günü Ayrıca Eğitim Olacaksa 6'yı Seçin. Eğer Gün A/ Gün B Gibi Farklı İki Gün Varsa O Gün Sayısı Olarak 5 Bırakın, Ancak 'birleştirme' Düğmesini Kullanarak Yeni 'gün' Oluşturun
3406	Menu	Here you can rename individual days using button Edit or create new 'days' if you have for example lessons that have to be at the same period on Monday,Wednesday and Friday.	Burada 'Güncelle' Düğmesini Kullanarak Günleri Yeniden Adlandırabilir Ya Da Pazartesi, Çarşamba ve Cuma Günlerinin Aynı Periyotta Olmasını Sağlayabilirsiniz, Örneğin Dersler İçin Gerekli İse Yeni 'gün' Oluşturabilirsiniz
3407	Menu	Here you can rename individual terms using button Edit or create new parts of the school year if you have for example lessons that have to be in T1 AND T3 or lessons that have to be in T1 OR T3 Or T4:	Buradan düzenle düğmesini kullanarak bireysel dönemleri yeniden adlandırabilirsiniz. İsterseniz de okul dönemine yeni bölümler ekleyebilirsiniz.
3408	Menu	Here you can rename individual weeks.	Burada Bireysel Haftayı Yeniden Adlandırabilirsiniz
3409	Menu	Terms	Dönemler
3410	Menu	Weeks	Haftalar
3411	Menu	Days	Günler
3412	Menu	Please select at least 2 items to combine.	Birleştirmek İçin En Az 2 Unsur Seçin
3413	Menu	AND	VE
3414	Menu	OR	VE YA
3415	Menu	Whole year	Bütün Bir yıl
3416	Menu	Please select a type of the combination	Kombinasyon Türünü Seçiniz
3419	Menu	Are you sure you want to change the count of days from %s to %s?	Haftanın Gün Sayısını Değiştirmek İstediğinizden, Emin Misiniz?%s >> %s
3420	Menu	Are you sure you want to change the count of weeks from %s to %s?	Hafta Sayısını Değiştirmek İstediğinizden Emin Misiniz? %s >> %s
3421	Menu	Are you sure you want to change the count of terms from %s to %s?	Dönem Sayısını Değiştirmek İstediğinizden Emin Misiniz? %s >> %s
3422	Menu	You cannot delete the basic Days/Terms/Weeks. Please change the total number in combobox instead.	Temel Gün/Terim/Haftaları Silemezsiniz. Bunun Yerine Birleşik Kutuların Toplam Sayısını Değiştirin
3423	Menu	Are you sure you want to delete this time interval?	Bu Zaman aralığını silmek istediğinize emin misiniz ?
3424	Menu	Rename periods	Zamanları Yeniden Adlandır
3425	Menu	Rename days	Haftanın Günlerini Güncelle
3426	Menu	I want to create multi term or multi-week timetable that will be different in each week or term	Çok Dönemli veya Çok Haftalı Program
3427	Menu	Define terms	Dönemleri Tanımlayın
3428	Menu	Define weeks	Hafta Tanımlayın
3429	Menu	Your School	Program Bilgileri
3430	Menu	Add break that will be printed between lessons	Öğle Tatili/Mola Zamanları Belirle
3431	Menu	Please select the position of this break.	Pozisyonu Seçiniz.
3432	Menu	Please input name and short name	Lütfen Adını ve Kısa Adını Girin
3433	Menu	This break is before period nr %d:	Moladan Sonraki Ders No: %d
3434	Menu	You can only remove the breaks between the lessons, if you want to change the number of periods, close this dialog and change the number of periods in the corresponding combobox.	Sadece ders arasındaki teneffüsleri kaldırabilirsiniz. Eğer periyodları değiştirmek istiyorsanız, bu pencereyi kapatın ve ilgili penceredeki periyot sayılarını değiştirin.
3435	Menu	Name of the period:	Ders Saati Adı
3436	Menu	YR	YIL
3437	Menu	Break position:	Pozisyonu
3438	Menu	Break	Aralık
3439	Menu	Text for printouts:	Çıktılar İçin Metin Ekleyin (Mola ve Ara Zamanları İçin):
3440	Menu	Show conflicts for courses with students count less than (leave blank to show all courses):	Öğrencilerin Daha Az Olduğu Çakışan Dersleri Göster (Tüm Dersleri Göstermek İçin Boş Bırakın)
3441	Menu	Any term	Herhangi Bir Dönem
3442	Menu	Any	Herhangi
3443	Menu	Weeks separately	Haftalar Ayrı Ayrı
3444	Menu	Weeks merged	Birleştirilmiş Haftalar
3445	Menu	All days separately	Tüm Gün Ayrı Ayrı
3446	Menu	Modify current report	Geçerli Raporu Güncelle
3447	Menu	Collisions found	Çakışanlar Bulundu
3448	Menu	Remove collisions and place the card	Çakışanları Silin ve Kartı Yerleştirin
3449	Menu	Ignore conflicts and place the card	Çelişkileri Dikkate Alma Kartı Yerleştir.
3450	Menu	Print duties in individual timetables	Görevleri bireysel ders programında yazdır
3451	Menu	Min cards on one period	01) Bir Periyot İçinde, Seçilen Değerden Az Kart Olamaz.
3452	Menu	empty day is OK	Boş Günler Dikkate Alınmaz
3453	Menu	Min periods per day	05) **** Günlük Ders Sayısı Seçilen Değerden Az Olamaz.
3454	Menu	Max periods per day	06) ** Günlük Ders Sayısı Seçilen Değerden Fazla Olamaz.
3455	Menu	Max periods per week	08) Bir Haftada Seçilen Değerden Fazla Ders Olamaz.
3456	Menu	Min periods per week	07) Bir Haftada Seçilen Değerden Az Ders Olamaz.
3457	Menu	empty week is OK	Boş Haftalar Dikkate Alınmasın
3458	Menu	Max days per week	04) ** Haftalık Ders Günü Sayısı Seçilen Değerden Fazla Olamaz.
3459	Menu	Min days per week	03) ** Haftalık Ders Günü Sayısı Seçilen Değerden Az Olamaz.
3460	Menu	Max gaps per day	15) *** Günlük Boş Ders Sayısı Seçilen Değerden Fazla Olamaz.
3461	Menu	Max gaps per week	16) *** Haftalık Boş Ders Sayısı Seçilen Değerden Fazla Olamaz.
3462	Menu	Max free days between cards per week	13) Hafta İçindeki Kartlar Arasında Maksimum Serbestliğe Sahip Günler Seçilen Değerden Fazla Olamaz.
3463	Menu	Min periods+gaps per day	11) Günlük Zaman Harcaması (Boş ve Dolu Ders Toplamı) Seçilen Değerden Az Olamaz.
3464	Menu	Max periods+gaps per day	12) Günlük Zaman Harcaması (Boş ve Dolu Ders Toplamı) Seçilen Değerden Fazla Olamaz.
3465	Menu	Max days per week (including free days between cards)	Bir Haftada En Fazla Gün (Kartlar Arasında Serbest Günler Dahil)
3466	Menu	Min students assigned	En az atanmış öğrenciler
3467	Menu	Max students assigned	Atanmış En Fazla Öğrenci
3468	Menu	Forbidden position in Time-off	Zaman Tablosunda Kapalı Alana Ders Yerleştirilmiş
3469	Menu	Max question marked periods per week	Haftalık En Fazla Şartlı Periyotlar
3470	Menu	Max question marked periods per day	Günlük En Fazla Şartlı Periyot Sayısı
3471	Menu	Max consecutive days	17) * En Fazla Ardışık Ders Günü Seçilen Değerden Fazla Olamaz.
3472	Menu	Max consecutive periods	18) En Fazla Ardışık Ders Sayısı Seçilen Değerden Fazla Olamaz.
3473	Menu	Cards must follow	Kartlar Takip Etmelidir
3474	Menu	in specified order	Belirtilen Sırayla
3475	Menu	Cards can not follow	35) Seçilen Sınıfların Seçilen Dersleri A ve B Grubundaki Tablolarda Ardışık Yerleşemez.
3476	Menu	A must be first in a day	Gün İçinde İlk Olması Gerekir
3477	Menu	B must be last in a day	B bir gün içinde sonlanmalı.
3478	Menu	Max days with lesson on the same period	21) Hergün Aynı Saat İçin Haftalık Bazda Toplam Ders Seçilen Değerden Fazla Olamaz.
3479	Menu	Min gap length	31) *** Boş Ders Uzunluğu Seçilen Değerden Az Olamaz.
3480	Menu	Max gap length	32) *** Boş Ders Uzunluğu Seçilen Değerden Fazla Olamaz.
3481	Menu	Maximum number of transits between the buildings per week	Haftada Binalar Arasındaki Transit Sayısı Üst Sınırı
3482	Menu	Time for transfer between buildings	Binalar Arasındaki Transfer İçin Süre
3483	Menu	Must be on the same days	Aynı günde olmalı
3484	Menu	Must be on the same positions	37) Seçilen Sınıf veya Öğretmenlerin Dersleri Aynı Saatte Başlamalıdır.
3485	Menu	Can not be on the same period	33) * Seçilen İki Kayıt Aynı Saatte Olamaz.
3486	Menu	Can not be on the same day	34) * Seçilen İki Kayıt Aynı Gün Olamaz.
3487	Menu	Printout prefix	Yazdırma Ünvanı
3488	Menu	Position	Durum
3489	Menu	optimal	Optimum
3490	Menu	Class can not be upgraded to full class	Sınıf Tam Sınıfa Yükseltilemez
3491	Menu	Classroom capacity	Derslik Kapasitesi
3492	Menu	Capacity	Kapasite
3493	Menu	Student must have subject	Öğrencinin yerleşmeyen dersleri var
3494	Menu	Student should not have subject	Öğrenci Ders Almamalıdır.
3495	Menu	Student should have subject or alternative	Öğrenci Ders yada Alternatif Almalıdır.
3496	Menu	Lesson capacity	Bölüm Kapasitesi
3497	Menu	Card must be placed in the timetable	Kartın Ders Planlama Programına Yerleştirilmesi Gerekir
3498	Menu	Pending card	Beklemedeki Kart
3499	Menu	Card does not have a classroom assigned	Kart İçin Atanmış Bir Sınıf Yok
3500	Menu	Question marked positions	Şartlı Pozisyonlar
3501	Menu	Two cards on the same position	Aynı Konumda İki Kart
3502	Menu	Not enough single hours to fill gaps	Boşlukları Doldurmak İçin Tek Saat Yetersiz
3503	Menu	Students' requests conflict	Öğrencilerin Seçimlerinde Çakışma Var
3504	Menu	Reserve space for selected subjects	Seçilen Dersler İçin Rezerv Alanı
3505	Menu	Space for pending cards	Bekleyen Kartları İçin Boşluk
3506	Menu	Name of the break:	Adı
3507	Menu	This version doesn't support student based timetables. However this document contains students and their courses. You will be able to work normally with this document, but it will not be possible to print/export the timetables.	Bu version öğrenci bazlı ders programlarını desteklemiyor. Ancak belge, öğrencileri ve programlarını kapsıyor. Bu belge ile çalışabilirsiniz ama çıktısını alamazsınız.
3508	Menu	Filter	Filtre
3509	Menu	No problems have been found.	Hiçbir Sorun Bulunamadı
3510	Menu	Fit	Ekrana Sığdır
3511	Menu	Max students on lesson with this subject:	Bu Derste Max Öğrenci Sayısı:
3512	Menu	Length for teacher's contract:	Öğretmen Sözleşmesi İçin Uzunluk Değeri:
3513	Menu	Please choose how you would like to process the exported data	Lütfen Yapmak İstediğiniz İşlemi Seçin...
3514	Menu	View the export in MS Excel You can save the later from within MS Excel	Excelde Görütülemek İçin Tıklayınız. Daha Sonra Bilgisayarınıza Kaydedebilirsiniz.
3515	Menu	Save the Export to Disk After saving, the data are shown in MSExcel or compatible viewer	Bilgisayarınıza Kaydedin Kaydetme İşlemi Sonrası Excel Programı İle Görüntüleyebilirsiniz.
3516	Menu	Gender	Cinsiyeti
3517	Menu	Female	Bayan
3518	Menu	Search	Arama
3519	Menu	Search in ALL students	Tüm Öğrencilerde Ara
3520	Menu	Search in currently show students	Şu An Gösterilen Öğrencilerde Ara
3521	Menu	Search has found %d objects	Aramada Bulunan Kayıtlar %d
3522	Menu	Export to XML	XML Olarak Aktar
3523	Menu	All changes	Tüm Değişiklikler
3524	Menu	Time and Date format	Zaman ve Tarih Formatı
3525	Menu	High school terminology	Lise Terminolojisi
3526	Menu	Country specific options	Ülkeye Özel Seçenekler
3527	Menu	Time format	Zaman Formatı
3528	Menu	Lesson capacity	Bölüm Kapasitesi
3529	Menu	Section number	Grup Numarası
3530	Menu	Create section(s) for course:	Seçmeli Dersler İçin Grup Oluşturun
3531	Menu	Show days picker on the main toolbar	Ana Araç Çubuğunda Gün Seçeneğini Göster
3532	Menu	Save modifications of standard views	Standart Görünümlerdeki Değişiklikleri Kaydet
3533	Menu	Define how the lessons with students will be displayed in timetables for classes	Sınıflar İçin; Öğrencilerin Dersleri Programda Nasıl Gözükecek.
3534	Menu	Default values	Varsayılan Değerler
3535	Menu	Default day that will be used for new lessons.	Varsayılan Gün Yeni Dersler İçin Kullanılacaktır
3536	Menu	User interface	Kullanıcı Arayüzü
3537	Menu	Slices - you can quickly see if two sections has the same student	Parçalar - Aynı bölum iki öğrenciye sahipse hemen görebilirsiniz.
3538	Menu	Normal 1 - show all courses(including those without any student assigned yet)	Normal 1 - Öğrenci olmayan yani manuel tanımlanmış Seçmeli Dersler gösterilsin.
3539	Menu	Normal 2 - show only sections that already have some students assigned	Normal 2 - Daha önceden bazı öğrencilerin atandığı Bölümler gösterilsin.
3540	Menu	This timetable needs a PRO version of aSc TimeTables in order to generate the timetable. This timetable has students that can be placed into different sections and only PRO version generator can do that.	Dikkat! Data girişlerinizden PRO versiyon özelliklerine ihtiyacınız olduğu anlaşılıyor. Değerlendime amaçlı bu versiyonda PRO versiyon özellikleri kullanılamaz.
3541	Menu	I am interested in a PRO version. Click here to contact us. We will gladly help you with your timetable and you can convince yourself that the PRO version will solve your timetable	Pro versiyon için tıklayınız. PRO versiyonda öğrenci grupları otomatik olarak değiştirilerek başarılı bir planlama elde edilir. Emin olabilirsiniz ki PRO versiyon planlamanızı başarılı bir şekilde tanımlayacaktır.
3542	Menu	I will try the Standard version generator This generator cannot move the students between different sections, so you have to assign which students will be in which section before generation in the students dialog. This solution might be good for some scenarios, but in general the results will be worse that with PRO version	Standart versiyonu denemek isityorum. Bu versiyon öğrencinin ders grubunu değiştirmez. Dolayısıyla PRO versiyona göre daha başarılı bir sonuç elde edemeyebilirsiniz. Eğer datanızı bilgi@k12bilisim.net adresine gönderirseniz size PRO versiyon ile yapılan planlamayı geri gönderebiliriz. Aradaki farkı görebilirsiniz.
3543	Menu	Up	Yukarı
3544	Menu	Down	Aşağı
3545	Menu	Can be over lunch	Yemek Arası Verilebilir
3546	Menu	This dialog allows you to modify the structure of the report. Like what shall be printed in rows, colums, what shall be on separate pages etc. Before modifying the report, check other reports, maybe you find one that already shows what you need to print. A good idea is also to customize the "Custom" reports, located at the end of the report list.	Aktif Rapordaki Program Tablosunu Bu Pencere İle Özelleştirebilirsiniz. Rapor Üzerinde Program Tablosundaki Hücreye Sağ Tıklayarak Açılan Menüden Hücre İçindeki Değerleride Ayarlayabilirsiniz.
3547	Menu	Custom field	Özel Alan
3548	Menu	The gray background shows the actual timetable.	Gri dolgu rengi programda bir ders olduğunu, mavi dolgu rengi ise dersin kilitli olduğunu belirtir.
3549	Menu	Every day	Her Gün
3550	Menu	Any day	Herhangi Bir Gün
3551	Menu	All days merged	Tüm Günler Birleştirilmiş
3552	Menu	All terms merged	Tüm Koşullar Birleştirilmiş
3553	Menu	All terms separately	Tüm Koşullar Ayrı Ayrı
3554	Menu	These lessons can take place on any week	Bu Dersler Herhangi Bir Haftaya Yerleşebilir
3556	Menu	These lessons will take place in each week on the same day and period	Bu Dersler Her Hafta Aynı Gün ve Aynı Periyotta Yer Almalıdır
3557	Menu	Whole timetable	Ders Programının Tamamı
3558	Menu	Whole timetable - without students - check basic conflicts	Ders Programının Tamamı - Öğrenciler Hariç
3559	Menu	Whole timetable - without classrooms	Derslikler Dikkate Alınmadan Planlansın
3560	Menu	Just students	Sadece Seçmeli Dersler Planlansın
3561	Menu	Just classrooms	Sadece Derslikler Planlansın
3562	Menu	Please input also subject.	Lütfen Ayrıca Ders Girin
3563	Menu	These lessons can take place on any term	Bu Dersler Herhangi Bir Dönemde Yer Alabilir
3564	Menu	These lessons will take place in each term on the same day and period	Bu Dersler Her Dönem Aynı Gün ve Aynı Periyotta Yer Almalıdır
3565	Menu	Students from these classes can sign up for this course:	Gruba Aşağıda Belirtilne Sınıflardaki Öğrenciler Alınacaktır
3566	Menu	Please select some classes	Lütfen bazı sınıfları seçiniz.
3567	Menu	There are %d students from the selected classes that have signed up for this subject.	Bu Dersi Belirtilen Sınıflardan Seçen Öğrenci Sayısı: %d
3568	Menu	There are already %d sections of this subject. You can add more below.	Bu derste halihazırda %d bölüm var. Aşağıdan daha fazla bölüm ekleyebilirsiniz
3569	Menu	Please input number of lessons per week	Haftalık Ders Saatini Belirtmelisiniz
3570	Menu	Teacher to be decided later	Öğretmen Tanımlama
3571	Menu	Select the number of NEW groups to be added:	Grubun Bölüm Sayısını Seçin
3572	Menu	%d (average: %d students)	Grup %d Bölüme Ayrılsın. Ortalama %d Öğrenci
3573	Menu	Windows(gaps counting)	Pencereler (Boşlukları Sayma)
3574	Menu	Allow inputing subjects in minutes per week	Derslerin Haftada Dakika Olarak Girilebilmesine İzin Ver
3575	Menu	Count also start of the days as gaps (Israel)	Boşluklu Günler Ayrıca Başlatılarak Sayılsın (İsrail)
3576	Menu	This period has different bells on some days	Seçili Kayıt İçin Bazı Günlerde Farklı Saatler Var.
3577	Menu	New student	Yeni Öğrenci
3578	Menu	Scheduled	Ders Günleri
3579	Menu	Use RIGHT CLICK on the column headers to add/remove columns in your legend:	SAĞ TiKLAMA'yı Kullanarak, Aşağıdaki Tablonuzda Sütunlara Ekleme/çıkarma Yapabilirsiniz:
3580	Menu	Show header	Başlığı Göster
3581	Menu	Show footer	Altbilgi Göster
3582	Menu	Odd row color:	Tek satır rengi:
3583	Menu	Even row color:	Satır Rengi Dahi:
3584	Menu	Main border:	Ana Çerçeve:
3585	Menu	Inside borders:	İç Sınırları:
3586	Menu	Draw lessons	Kartları Blok Olarak Yazdır
3587	Menu	Print count of placed cards	Kartları Tekli Olarak Yazdır
3588	Menu	Print count of lessons	Periyottaki Bütün Kartları Yazdır
3589	Menu	Arial	Arial
3590	Menu	All subjects	Tüm Dersler
3591	Menu	All classes	Tüm Sınıflar
3592	Menu	Reserve space for selected subjects	Seçilen Dersler İçin Rezerv Alanı
3593	Menu	Total periods	Periyotların Toplamı
3594	Menu	Combinations	Kombinasyonlar
3595	Menu	There are no items to show.	Kayıt bulunamadı...
3596	Menu	Close demos	Demoları Kapat
3597	Menu	Print font vertical	Dikey Yazı Tipi Yazdır
3598	Menu	If you leave this field blank, the software will print default prefix.	Bu Alanı Boş Bırakırsanız, Yazılım Varsayılan Ön ekini Yazdıracaktır
3599	Menu	Add new column	Yeni Sütun Ekle
3600	Menu	Type text that shall be displayed in footer of this column. Type {sum} if you want the software to sum this column.	Yazım metini bu sütunun altında gösterilir. Yazım {toplam} eğer bu sütunu toplamasını istiyorsanız.
3601	Menu	Print prefix	Önekini Yazdır
3602	Menu	Remove column	Sütunu Sil
3603	Menu	Change column name	Sütun Adını Değiştirme
3604	Menu	Change column footer	Sütun Altbilgi Değiştirme
3605	Menu	Are you sure you want to set the default print styles? All your Font sizes and positions of the elements in the printed timetable will be reset to default values.	Varsayılan yazdırma stillerini oluşturmak istediğinize emin misiniz ? Yazılı ders çizelgesindeki tüm font büyüklükleri ve elementlerin yerleri varsayılan değerler olarak ayarlanacaktır.
3606	Menu	Pending students	Beklemedeki Öğrenciler
3607	Menu	Please choose what do you want to generate:	Planlama Türünü Seç / Değiştir
3608	Menu	Generation of the timetable without classrooms is good for testing. If the timetable cannot be generated without classrooms, then there is some problem with your lessons. On the other hand if you can generate without classrooms, and not with classrooms, it is very likely that there will be some problem with classrooms. It doesn't make sense to generate without classrooms and then to add classrooms into the result. This is not a good aproach, because during the generation without classrooms the software will happily put 6 Physical Education lessons at one period although you only have one Gym room. It will not do this when you generate whole timetable in standard way.	Derslikler olmadan yapılan ders program planlaması test için iyi bir uygulamadır. Eğer ders programı derslikler olmadan plan yapamıyorsa bazı derslerde problem var demektir. Diğer taraftan dersliksiz planlama yaparken derslikler ile plan yapamıyorsanız; bu durumda da dersliklerde bazı problemler var demektir. Dersliksiz planlama yapıp sonuçta derslikleri eklemek anlamlı değildir. Böyle bir uygulama yaparsanız tek bir spor salonunuz olmasına rağmen program aynı saat dilimine 6 beden eğitimi dersi birden koyabilir. Normal yol ile planlama yaparsanız böyle bir problem ile karşılaşmazsınız.
3609	Menu	Are you sure you want to remove subjects	Dersi Kaldırmak İstediğinizden Emin Misiniz
3610	Menu	for students:	Öğrenciler İçin:
3611	Menu	Are you sure you want to delete this cardrelationship?	Bu 'Kart İlişkisini' Silmek İstediğinizden Emin Misiniz?
3612	Menu	Are you sure you want to change the count of lessons from %s to %s?	Günlük Ders Sayısını Değiştirmek İstediğinizden, Emin Misiniz? %s >> %s
3613	Menu	Are you sure you want to change the count of days from %s to %s?	Haftanın Gün Sayısını Değiştirmek İstediğinizden, Emin Misiniz?%s >> %s
3614	Menu	Define sizes for printout: %s	Çıktı Boyutlarını Tanımlayın
3615	Menu	Clear filter - Print ALL items	Tüm Seçimler İptal Edilsin
3616	Menu	Set max students on lesson:	Ders İle İlgili En Fazla Öğrenci Sayısını Ayarlayın:
3617	Menu	This function is only availalbe in PRO version.	Bu fonksiyon sadece pro versiyonda bulunur.
3618	Menu	First	İlk
3619	Menu	Last	Son
3620	Menu	Show divisions together	Bölümleri beraber göster.
3621	Menu	Find:	Bul:
3622	Menu	Seminar section count	Seçmeli Ders Grup Sayısı
3623	Menu	Clear search	Aramayı Temizle
3624	Menu	Input the student names(one per line):	Öğrenci isimlerini girin. ( Her satıra bir adet.)
3625	Menu	A lessons can be only on days of B lessons	"A" Grubundaki Dersler, "B" Gurubundaki Dersler İle Aynı Günde Olabilir.
3626	Menu	"A" lessons can be only on positions of "B" lessons	38) "A" Grubundaki Dersler, "B" Grubundaki Derslerden Sonra Olmalıdır.
3627	Menu	Student is locked into this group	Öğrenciyi Bu Gruba Sabitle
3628	Menu	Add more students from one class	Bir Sınıftan Daha Fazla Öğrenci Ekle
3629	Menu	Min total minutes per week	Haftalık En Az Toplam Dakika
3630	Menu	Max total minutes per week	Haftalık En Fazla Toplam Dakika
3631	Menu	students currently	Mevcut Öğrenciler
3632	Menu	Unassigned group	Grup Atanmamış
3633	Menu	This row/column doesn't have any object that can have custom fields. Try to select objects like Teacher, classrooms, subjects etc in the definition of this report. Then you will be able to add columns/rows with custom fields. For example: if you display period in each row, you cannot add extra column with customfield because period doesn't have customfield. However if each row represents one teacher, you can add columns like his total lessons, max lessons, approbation and others.	Bu satır yada sütun özel alanları doldurabilecek bir objeye sahip değil. Bu raporun tanımında öğretmeni, derslik veya ders gibi bir obje seçmeyi deneyiniz. Bu aşamadan sonra özel alanlı satır yada sütunlar ekleyebileceksiniz. Örneğin eğer her satırda bir periyod göstermek istiyorsanız özel alanlı sütun ekleyemezsiniz çünkü periyodun özel alanı yoktur. Ama eğer her satır bir öğretmeni temsil ederse, toplam ders sayısı, maksimum ders sayısı ve onay gibi sütunlar ekleyebilirsiniz.
3634	Menu	Your country guide	Ülkenizin Kılavuzu
3635	Menu	Heuristic	Sezgisel
3636	Menu	Number of cards requiring classroom	Derslik Gerektiren Kartların Sayısı
3637	Menu	Lesson will be placed at the same period and same day in all of the selected terms.	Ders Seçilen Koşulların Tümüne Aynı Periyotta ve Aynı Gün Yerleştirilecektir
3638	Menu	Lesson will be placed in one of the selected terms.	Ders seçili dönemlerden birine eklenecek.
3639	Menu	Lesson will be placed in one of the selected weeks.	Ders Seçilen Haftalardan Birine Yerleştirilir
3640	Menu	Lesson will be placed at the same period and same day in all of the selected weeks.	Ders seçili tüm haftalara aynı periyotta ve aynı günde yerleştirilecek.
3641	Menu	Lesson will be placed in one of the selected days.	Ders Seçilen Günlerden Birine Yerleştirilir
3642	Menu	Lesson will be placed at the same period in all of the selected days.	Ders Seçilen Günlerin Tümüne Aynı Periyotta Yerleştirilir
3643	Menu	Total periods per week	Haftalık Periyotların Toplamı
3644	Menu	No.	Sıra
3645	Menu	List of students in seminar	Seçmeli Dersi Alan Öğrenciler ve Grupları
3646	Menu	Seminar section	Seçmeli Ders Grubu
3647	Menu	Length in periods	Periyot Olarak Uzunluğu
3648	Menu	Specify font colors	Yazı Renklerini Belirtin
3649	Menu	Font size	Yazı Boyutu
3650	Menu	Print group instead of class	Sınıf Yerine Grup İsmini Yazdır
3651	Menu	Student's groups	Öğrencilerin Grupları
3652	Menu	Attach the substitution data	Yer Değiştirme Verisi Ekleyin
3653	Menu	Print room supervisions in color	Oda gözetimini renkli yazdır
3654	Menu	Printing	Yazdırma
3655	Menu	Print consecutive single lessons as one merged lesson	Ardışık Dersleri Birleştirilmiş Tek Bir Ders Olarak Yazdır
3656	Menu	Name format	Ad/Soyad Formatı
3657	Menu	First name	Adı
3658	Menu	Last name	Soyadı
3659	Menu	Database	Veritabanı
3661	Menu	Teaching - Classrooms	Öğretim Yapılan Derslikler
3662	Menu	Teaching - Subjects	Öğretim Yapılan Dersler
3663	Menu	Teaching - Teachers	Öğretim Yapan Öğretmenler
3664	Menu	Teaching - Classes	Öğretim Yapılan Sınıflar
3665	Menu	Grade	Sınıf
3666	Menu	G	G
3667	Menu	Assign students to seminars	Seçmeli Dersleri Öğrencileri Atayın
3668	Menu	You have to input class for the student	Öğrenci İçin Sınıf Girmek Zorundasınız
3669	Menu	You cannot change the class for this student	Bu sınıfı bu öğrenci için değiştiremezsiniz.
3670	Menu	Do you really want to add %1 students into class %2?	%1 Öğrencilerini %2 Sınıfına Eklemek İstiyormusunuz ?
3671	Menu	Narrow columns	Sütunları Daralt
3672	Menu	It is not possible to import this timetable. It contains two classes or teachers with the same name:	Bu ders programını çıkartamayız. Çünkü aynı ad ile iki sınıf veya iki öğretmen bulunmaktadır.
3673	Menu	Use English texts in program.	Programda İngilizce Metinleri Kullanın
3674	Menu	Same for all weeks	Bütün Haftalar İçin Aynı
3675	Menu	Same for all terms	Tüm Koşullar İçin Aynı
3676	Menu	Paste (Ctrl-V)	Yapıştır (Ctrl-V)
3677	Menu	Clipboard is empty.	Pano Şu Anda Boş
3678	Menu	Number(code)	Öğrenci No
3679	Menu	Save to TimeTables Online	İnternete Kaydet
3680	Menu	Open from TimeTables Online	Online Dosyalar
3681	Menu	Apply to students in selected classes	Seçilen Sınıflardaki Öğrencilere Uygula
3682	Menu	Apply to grades of selected classes	Seçilen Sınıfların Seviyeleri İçin Geçerlidir
3683	Menu	TimeTables Online	İnternet Hesabı
3555	Menu	Show me TimeTables Online	EDUPAGE'i Görüntülemek İçin Tıklayınız.
3684	Menu	Show me Online Substitutions	Online Geçici Öğretmen Değişikliklerini Göster.
3685	Menu	Send substitution emails to teachers	Geçici Öğretmen Değişikliklerini e-Mail ile Öğretmenlere Gönder.
3686	Menu	Send substitution SMS to teachers	Geçici Öğretmen Değişikliklerini SMS ile Öğretmenlere Gönder.
3687	Menu	Send timetable to teachers	Ders programını öğretmenlere gönder.
3688	Menu	Publish timetable for public online viewing	Herkes görecek şekilde ders programını yayınla.
3689	Menu	Online storage	Çevrimiçi Depolama
3690	Menu	Show our timetables online webpage	Online web sitesi ders programlarını göster.
3691	Menu	Welcome to aSc Timetables Online. Please create username and password for your school. Username shall be some short name of your school. For example 'hsfloberg'. You will then be able to reach your timetables online at http://hsfloberg.edupage.org.	aSc k12 Bilişim Ders Planlama Programı Online Hesap Aktivasyon İşlemi. Dikkat: Kullanıcı adınız okulunuzun kısa adı olmalıdır. Sadece sayılardan oluşan veya kişel adınızı kullanıcı adı olarak belirlemeyiniz. Her okul için kullaniciadi.edupage.org adında bir Edupage Mobil uygulama yönetim sitesi kurulur. Daha sonra kullanıcı adı değiştirilemez.
3692	Menu	Your personal email(optional):	Kişisel E-Mail Adresiniz
3693	Menu	Retype password:	Tekrar Şifre
3694	Menu	Create	Hesabı Oluştur
3695	Menu	Forgot your password?	Şifremi Unuttum ?
3696	Menu	Official school email:	Resmi Kurum E-Mailiniz
3697	Menu	Click here for more information about TimeTables Online	Daha Fazla Bilgi İçin Tıklayınız
3698	Menu	The password was send to the official school email and to the person that created the EduPage site. Please check your email and then try to login again	Şifre okul resmi adresine gönderildi. Ayrıca EduPage sitesini oluşturacak kişiye e-mail gönderildi. Lütfen e-mail adresine kontrol edin ve tekrar girişi deneyiniz.
3699	Menu	Thank you for your interest in aSc TimeTables Online!	Online aSc k12 Bilişim Ders Planlama Programına gösterdiğiniz ilgiden dolayı teşekkür ederiz?
3700	Menu	TimeTables online is a natural extension of your timetabling application. It has many features that will assist you with many tasks related to timetabling. Please click button below to learn more about TimeTables Online:	Data dosyalarınızı internet hesabınıza kaydederek her yerden kolayca erişebilirsiniz. Bunun için yapmanız gereken sadece bir EduPage hesabı oluşturmak.
3701	Menu	Please input the name of your timetables online account.	Lütfen Kullanıcı Adınızı Yazınız.
3702	Menu	Password doesn't match!	Şifeler Bezner(Aynı) Olmalıdır.
3703	Menu	You need to input official school email. In case you loose your password, we will mail it to this official school email.	Lütfen Resmi Kurum E-Mail Adresiniz Yazınız. Şifre Unutulması Durumunda Yeni Şifre Kurum E-Mail Adresinize Gönderilecektir.
3704	Menu	: this edupage name already exists. Please choose a different one.	: Bu Edupage Adı Zaten Var. Lütfen Başka Bir Tane Seçin
3705	Menu	Congratulations! Your timetables online account has been successfully created. You can now store your timetables online, open them from any place. Also you can send them to your teachers and or even publish them for all the parents and students. Everything is password protected and it is easy to setup who can see what. Please write down this username and password:	Hesabınız Başarıyla Oluşturuldu! Bundan Sonra Tüm Verilerinize Online Hesabınızdan Erişebileceksiniz. Kullanıcı Adı ve Şifrenizi Not Alınız.
3706	Menu	Open from local backup	Yedekleri Görüntüle
3707	Menu	Local Backup	Yerel Yedekleme
3708	Menu	Export also FLASH data for nicer printouts of your timetables	Adobe Flash'ı Kullan. (Daha İyi Görsel İçin)
3709	Menu	This timetable '%s' is already marked as official timetable. If you need to change the official timetable, it is better to save it under different name and then publish it as official for different time interval. Owerwiting official timetable only makes sense when you made a minor spelling corrections, or the official timetable has not been used by teachers yet(e.g correcting timetable right after it was published). Are you sure you want to overwrite this file?	'%s' ders programı resmi ders programı olarak seçildi. Eğer resmi ders programı değiştirmek istiyorsanız, bunu farklı bir isimde kayıt ederek ve farkı bir Zaman aralığında yayınlamanızda fayda vardır. Resmi ders programlarının üstene yazım ancak küçük yazım hatalarında ve ya öğretmenlerin resmi ders programını hiç kullanmadığı durumlarda anlamlıdır. Bu dosyanın üstüne yazım yapmak istediğimize emin misiniz ?
3710	Menu	Ehh... Are you really, really sure you want to overwrite official timetable?	Ehh... Gerçekten ve gerçekten resmi ders programına üstüne yazmmak istediğinize emin misiniz ?
3711	Menu	Do you want to overwrite file %s saved on %s	%s dosyasını, %s kayıt edilen dosyanın üstüne kayıt etmek istediğinize emin misiniz ?
3712	Menu	Please select timetable from the list or write a new name	Listeden bir ders programı seçin veya yeni bir isim girin.
3713	Menu	Do you want to save this timetable under new filename: %s	Yeni Bir Dosya Adıyla Bu Planlamayı Kaydetmek İstiyormusunuz: %s
3714	Menu	Available lessons	Mevcut Dersler
3715	Menu	Available positions for each lesson	Her Bir Ders İçin Mevcut Pozisyonlar
3716	Menu	Class teacher occupied positions	Sınıf Öğretmeninin Dolu Pozisyonları
3717	Menu	Are you sure you want to send todays substitutions to your timetables online web page?	Bugünün geçici öğretmen değişikliklerini online ders programına göndermek istiyormusunuz ?
3718	Menu	Draft generation	Taslak Oluşturma
3719	Menu	List of inputted constraints	Tanımlanan Kısıtlamaların Listesi
3720	Menu	Distribution	Planlama
3721	Menu	Default	Varsayılan
3722	Menu	No dist.	Dağılım Yok.
3723	Menu	Low	Düşük
3724	Menu	Medium	Orta
3725	Menu	Ideal	İdeal
3726	Menu	Ideal/no cons.	Ideal
3727	Menu	No distribution checking	Dağılım Kontrolü Yok
3728	Menu	Low distribution	Düşük Dağılım
3729	Menu	Medium distribution	Orta Dağılım
3730	Menu	Ideal distribution	İdeal Dağılım
3731	Menu	Check distribution within week	Hafta İçindeki Dağılımı Kontrol Edin
3733	Menu	Max periods per all weeks/terms	09) Tüm Hafta/Dönem Başına Periyot Sayısı Seçilen Değerden Fazla Olamaz.
3734	Menu	Prefill short names with names.	Kısa Kod, Ad Bilgisinden Otomatik Oluşturulsun
3735	Menu	Show counts of nonplaced lessons	Yerleştirilmemiş Derslerin Sayısını Göster
3736	Menu	Card can not start on selected positions	44) ** Seçilen Saatlerde Ders Başlayamaz.
3737	Menu	Card can not end on selected positions	45) ** Seçilen Saatlerde Ders Bitemez.
3738	Menu	File Name	Dosya Adı
3739	Menu	Last Saved	Son Kayıt Tarihi
3740	Menu	Last day with absents	Son Gün Devamsız Olanlar
3741	Menu	Last day with substitutions	Son Gündeki Yer Değişimleri
3742	Menu	Status	Durum
3743	Menu	Valid to	Bu tarihe kadar geçerli
3744	Menu	Draft	Taslak Planlama
3745	Menu	Print color(s) in the left part only	Baskı Rengi Sadece Sol Kısımda
3746	Menu	We have a different bell times in different classes	Bizim Farklı Sınıflarda Farklı Zil Zamanları Olan Bir Programımız Var
3747	Menu	Valid for	İçin Geçerlidir
3748	Menu	If you leave the values empty the time from Bells1 will be used	Eğer değerleri boş bırakırsanız, Zil1 deki Zamanlar kullanılacaktır.
3749	Menu	Print this period in summary timetables	Çarşaf Programlarda Yazdır
3750	Menu	Printouts	Yazdırma Seçenekleri
3751	Menu	Print this period in individual teacher's timetables	Öğretmen Programında Yazdır
3752	Menu	Print this period in individual class timetables	Derslik Programında Yazdır
3753	Menu	Print in bells:	Geçerli Zil/Sınıflar
3754	Menu	Seminar sections for each student	Seçmeli Ders Öğrenci Grup/Gün Raporu
3755	Menu	Move lessons from this lesson(including):	Bu Dersten İtibaren (Ders Dahil) Dersleri Taşıyın:
3756	Menu	Global	Genel
3757	Menu	Subject must be first or last	Dersler İlk Saatte Başlasın veya Son Saatte Bitsin
3758	Menu	First or last	İlk veya Son
3759	Menu	"A" must be before or after "B" in a day	39) "A" Grubundaki Dersler, "B" Grubundaki Derslerden Önce veya Sonra Olmalıdır.
3760	Menu	Incorrect password.	Yanlış Şifre
3761	Menu	CAUTION!!! This file has password protection, if you save it, you will need to remember the password in order to open the document. Do you want to save this file with password?	DİKKAT!!! Bu Dosya İçin Açma Şifresi Belirlediniz. Bu Şifre İle Dosyayı Kaydetmek İstiyormusunuz ?
3762	Menu	Save with password	Şifre ile kayıt et.
3763	Menu	Save without password - CLEAR the password now	Şifresiz kayıt et - Şifreyi KALDIR şimdi.
3764	Menu	Show Bells 1 in column headers	Sütun Başlıklarında Zil(1) Göster
3765	Menu	More weeks/terms	Çoklu Hafta/Dönem
3766	Menu	Print time in two lines	Saati İki Satır Halinde Yazdır
3767	Menu	Student of these seminars must have the same teacher	47) Seçili Seçmeli Dersin Öğrencilerine Aynı Öğretmen Atansın.
3768	Menu	E-mail	E-Posta
3769	Menu	Phone	Telefonu
3770	Menu	Breaks	Molalar
3771	Menu	Translate	Menü Dil Güncelle
3772	Menu	Attach translations	Çevirileri Ekleyin
3772	Menu	Attach translations	Çevirileri Ekleyin
3773	Menu	Teacher's classrooms	Öğretmenin Derslikleri
3774	Menu	Subject's classrooms	Derse Ait Derslik
3775	Menu	Global settings	Genel Ayarlar
3776	Menu	Open from server	Online Dosyalar
3777	Menu	Save to server	Server'a kayıt edin.
3778	Menu	This class has timetable based on students, so the test will test individual students	Bu sınıf öğrenci bazlı bir ders programına sahiptir. Bu nedenle test bireysel öğrenci bazlı test edilecektir.
3779	Menu	Absent classes	Sınıfları Yok
3780	Menu	Absent rooms	Odaları Yok
3781	Menu	Merged with :	Birleşti:
3782	Menu	List of students in seminar sections	Öğretmenler İçin Seçmeli Ders Grup Listeleri
3783	Menu	Show calendar	Takvimi Göster
3784	Menu	Add new lesson	Yeni Görev Ekle
3785	Menu	Select day	Gün Seç
3786	Menu	Go to today	Bugüne Git
3787	Menu	Widths & font sizes	Genişlik & Yazı Boyutu
3788	Menu	Columns & Sorting	Sütun & Sıralama
3789	Menu	Copy absent from yesterday	Geçmişten Bilgi Kopyala
3790	Menu	View classrooms	Derslikleri Görüntüle
3791	Menu	View classes	Sınıfları Görüntüle
3792	Menu	View teachers	Öğretmenleri Görüntüle
3793	Menu	Remove substitution	Yer Değiştirmeyi çıkar
3794	Menu	Change other lesson	Diğer Dersi Değiştirme
3795	Menu	Daily remark	Günlük Sözler
3796	Menu	Day in timetable	Programdaki Günü
3797	Menu	Start a new school year	Yeni Bir Okul Yılını Başlatın
3798	Menu	Tools	Araçlar
3799	Menu	Publish	Yayınla
3800	Menu	Next Substitution	Sonraki Yer Değiştirme
3801	Menu	Timetables	Ders Programları
3802	Menu	Types of substitution	Yer Değiştirme Türleri
3803	Menu	Reasons of absence	Devamsızlık Nedenleri
3804	Menu	Preview	Ön izleme
3805	Menu	Remove absent	Eksiği çıkar
3806	Menu	Add absent	Yeni Ekle
3807	Menu	Substitutions	Değiştirmeler
3808	Menu	Only for:	Sadece Bunu:
3809	Menu	Bell	Zil
3810	Menu	Please select a different bell set. You can only change the valid classes for Bell2,3 etc. All classes are in Bell 1 by default	Zil -1 tüm sınıflar için varsayılandır. Sınıfa özgü bir zil seçimi için diğer zilleri kullabilirsiniz.
3811	Menu	Select what you want to export	Ne çıkış vermek istediğinizi seçin.
3812	Menu	Go to this day	Bu Güne Gidin
3813	Menu	You can also selet dates by draging below:	Ayrıca Üzerinde Sürükleyerek Tarihleri Seçebilirsiniz:
3814	Menu	Change this lesson into this number of sections	Bölümler İçin Belirtilen Sayıdaki Bu Dersi Değiştirin
3815	Menu	Nobody is missing on:	Devamsız Yok:
3816	Menu	Click here to add missing teacher's, classes and classrooms.	Yeni Devamsızlık kaydı için buraya tıklayabilirsiniz.
3817	Menu	Absent teachers	Devam Öğretmenler
3818	Menu	Input date or date range	Tarih veya Tarih Aralığı Girin
3819	Menu	Do you really want to delete this substitution?	Bu Yer Değiştirmeyi Silmek İstiyormusunuz ?
3820	Menu	Do you really want to start a new school year? Note: the current data will be erased, you can find them in the backup section.	Yeni bir öğretmen okul yılı başlatmak istediğinize emin misiniz ? Not: Mevcut data silenecek. Bu datalara yedekleme bölümünden ulaşabilir misiniz ?
3821	Menu	Do you really want to clear the custom texts on ALL cards in the schedule?	Programdaki Tüm Kartların Özel Metinlerini Silmek İstiyormusunuz ?
3822	Menu	Please input the name of your timetables online username(Edupage name)	Lütfen Edupage ana kullanıcı adınızı giriniz.
3823	Menu	Great. You have provided the timetable.	Harika. Ders Programınızı Hazırladık
3824	Menu	You can now add absent teachers/classes. The software will then automatically tell you what has to be substituted.	Şu an devamsız öğretmen ve sınıf ekleyebilirsiniz. Yazılım data sonra size nerelere atama yapılması gerektiğini söyler.
3825	Menu	Note: if the timetable changes at your school, you can add the changed timetable using menu Settings/TimeTable/Add.	Not: Okulunuzun Ders Programında Değişiklikler Varsa, Menüyü Kullanarak Değiştirilen Dars Dağıtımını Seçerek Ekleyebilirsiniz Ayarlar/DersDağıtım/Ekle
3826	Menu	Before you can use the substitution software you have to specify the timetable you are currently using at the school. The software will now ask you for the school year start and the timetable.	Geçici öğretmen değişikliği yazılımı kullanmadan önce okulda kullandığınız mevcut ders programı belirlemeniz gerekir. Şimdi yazılım size okul yılını ve ders programı soracak.
3827	Menu	You can add/change the absent by clicking on the name in the absent list located in the left part of the screen.	Devamsızlık eklemek yada değiştirmek için devamsızlık Listesindeki isme tıklamanız gerekir. Bu Liste ekranın sol tarafındadır.
3828	Menu	The selected subjects can be in the afternoon(outside teaching block)	Seçilen Dersler (Eğitim Binasının Dışında) Öğleden Sonra Olabilir
3829	Menu	Number of lessons that can be in this classroom at the same time:	Derslikte Aynı Andaki Ders Sayısı:
3830	Menu	Select students	Öğrencilerin Seçimi
3831	Menu	One day	Bir Gün
3832	Menu	One month	Bir ay
3833	Menu	One month (until selected day)	Bir Ay ( Seçilen Güne Kadar )
3834	Menu	One week	Bir Hafta
3835	Menu	Custom dates	Özel Tarihler
3836	Menu	Page: %d/%d	Sayfa: %d/%d
3837	Menu	Max over room capacity:	Oda Üzerindeki En Fazla Doluluk Sınırı:
3838	Menu	Student count	Öğrenci Sayısı
3839	Menu	Show groups	Grupları Göster
3840	Menu	separated by comma	virgülle Ayrılmış
3841	Menu	Standard timetable	Standart Ders Programı
3842	Menu	TimeTable based on student's choices (Master)	Ders Programı Öğrencilerin Seçimlerine Dayalı (Asıl)
3843	Menu	TimeTable based on student's choices (Classes/Grades)	Ders Programı Öğrencilerin Seçimlerine Dayalı (Sınıflar/Notları)
3844	Menu	One class	Sınıfa Özel Dersler
3845	Menu	Joined classes	Birleşik Sınıf Derslerine
3846	Menu	Print always	Her Zaman Yazdır
3847	Menu	Never print	Asla Yazdırma
3849	Menu	Lessons will be on the same position on each day in week	Dersler Haftanın Her Günü Aynı Pozisyonda Olacak
3850	Menu	Lesson can be on any day	Ders Herhangi Bir Gün Olabilir
3851	Menu	Lesson can be only on this day: %s	Ders Sadece Bu Gün Olabilir: %s
3852	Menu	Change to seminar	Seçmeli Dersi Değiştirme
3853	Menu	Your substitution is set for school year that starts on: %s and ends on: %s If you want to change this, you can do so in menu Settings/Start a new school year.	Geçici öğretmen değişiklikleri okul yılı boyunca kurulmuştur. Bu tarihte başlar: %s \ bu tarihte biter: %s \ Bunu değiştirmek istiyorsanız, değiştirme işlemini Ayarlara/Başlangıç yeni yıl menüsünden yapabilirsiniz.
3848	Menu	Year	Yıl
3854	Menu	Month	Ay
3855	Menu	Week	Hafta
3856	Menu	In case the text in this column doesn't fint into the provided area:	Eğer bu sütundaki metin ayrılan yere uymaz ise:
3857	Menu	Split the text into more rows	Metini daha fazla satıra böl.
3858	Menu	Print with smaller font	Küçük yazı ile yazdır
3859	Menu	Cut the text outside of the area	Alan dışındaki metni kesme
3860	Menu	The substitution backup has been restored.	Geçici öğretmen değişiklikleri yedeklenmesi onarıldı.
3861	Menu	Backup type	Yedekleme Tipi
3862	Menu	Automatic backup	Otomatik Yedekleme
3863	Menu	Manual backup	El ile yapılan yedekleme
3864	Menu	Student must have seminar A in a term before seminar B	48) Öğrenci Bir Dönemde A Seçmeli Dersini B Seçmeli Dersinden Önce Almalıdır.
3865	Menu	Student must have seminar A in a term before seminar B or in the same term	49) Öğrenci Bir Dönemde A Seçmeli Dersini B Seçmeli Dersinden Önce veya Aynı Zamanda Almalıdır.
3866	Menu	Student must have these seminars in the same term	50) Öğrenci Seçilen Seçmeli Dersleri Aynı Dönemde Almak Zorundadır.
3867	Menu	Student can not have these seminars in the same term	51) Öğrenci Seçilen Seçmeli Dersleri Aynı Dönemde Alamaz.
3868	Menu	Max classrooms on one period	23) Bir Periyot İçin, Seçilen Değerden Fazla Derslik Olamaz.
3869	Menu	Max teachers on one period	30) Bir Günde En Fazla Farklı Öğretmen Sayısı Seçilen Değerden Fazla Olamaz.
3870	Menu	Use date format from Windows	Windows Tarih Biçimini Kullanın
3871	Menu	One row	Bir Satır
3872	Menu	Print this period in individual classroom timetables	Sınıf Programında Yazdır
3873	Menu	A lessons must be before B lessons in a day	40) "A" Grubundaki Dersler, "B" Grubundaki Derslerden Önce Olmalıdır.
3874	Menu	Lessons "A" must be before lessons "B" in a week	41) Hafta İçinde "A" Dersleri "B" Derslerinden Önce Olmalıdır.
3875	Menu	Days "A" must be before days "B" in a week	42) Hafta İçinde "A" Günü "B" Gününden Önce Olmalıdır.
3876	Menu	per all weeks	Tüm Haftalar Dahil
3877	Menu	Can not be in the same term	Aynı Dönemde Olamaz.
3878	Menu	Max gaps per all weeks	Tüm Haftalar Başına En Fazla Boşluk
3879	Menu	empty period is OK	Boş Saatler Dikkate Alınmasın
3880	Menu	Apply to groups in selected classes	Seçilen Grupların Dereceleri İçin Geçerlidir
3881	Menu	%d identical objects are not shown	%d Benzer Kayıtlar Gösterilmemiştir
3882	Menu	Holidays	Tatiller
3883	Menu	Until:	Zamana Kadar:
3884	Menu	Seminar (Subject in header row)	Seçmeli Ders (Başlık Satırındaki Ders)
3885	Menu	Seminar (Subject in cell)	Seçmeli Ders (Hücredeki Ders)
3886	Menu	Alternative seminar (Subject in cell)	Alternatif Seçmeli Ders (Hücredeki Ders)
3887	Menu	Do not print classrooms here	Burada Sınıfı Yazdırmayın
3888	Menu	Can be only once per day	Günlük Sadece 1 Kart Olabilir
3889	Menu	Can be more times per day	Günde Birkaç Kez Olabilir
3890	Menu	Can be e.g all 5 lessons in one day	Bütün Dersler Aynı Gün Örneğin 5 Dersin hepsi Bir Günde Verilebilir
3891	Menu	Apply to selected teachers' classes	Seçilen Öğretmenlerin Dersliklerine Uygula
3892	Menu	Apply to selected teachers' grades	Seçilen Öğretmenlerin Sınıflarına Uygula
3893	Menu	Apply to selected subjects	Seçilen Derslere Uygula
3894	Menu	Add timetable into substitutions	Değişikliklerin İçine Ders Programını Ekle
3895	Menu	From local disk. Add file from local harddrive/usb drive	Yerel diskten. Yerel harddrive veya usb drive'dan dosya ekle.
3896	Menu	From TimeTable online storage Add timetable from our TimeTables online storage..	Ders programından online depolama Ders programımızdan online ders depolamayı ekleyin..
3897	Menu	aSc TimeTables allow you to save several timetables into your TimeTables Online storage. This timetable can be then published so that public can view them. But now you will just save the timetable into your online account, nobody will see it until you click the publish wizard available in the timetables online webpage.	Asc Ders Dağıtım online alanda dosyalarını kaydetmene izin verir. Du dosyaları EduPage sitenizden herkese veya sadece öğretmen ve öğrencilerinize yayınlayabiliriz. Ama şimdi sadece dosyayı online alanınıza kaydedilecek. Sen yayınla diyene kadar yayınlanmayacak.
3898	Menu	aSc TimeTables has encountered a problem and needs to close. We are sorry for the inconvenience. If you were in the middle of something, the information you were working on might be lost. We have created an error report that you can send to us. We will treat this report as confidential and anonymous. Do you want to send us this error report? Thank you.	aSc k12 Bilişim Ders Planlama Programı bir problem ile karşılaştı. Kapatılması gerekiyor. Sorun için özür dileriz. Eğer bir çalışmanın ortasında iseniz çalışma kayıp olabilir. Bize göndermeniz için bir hata raporu oluşturduk. Bu raporu gizli tutacağız. Bu raporu göndermek istediğinize emin misiniz ? Teşekkür ederiz.
3899	Menu	Are you sure you want to set default print styles and default layout to ALL reports?	Varsayılan tüm yazdırma ve düzen stillerini tüm raporlara ayarlamak istediğinize emin misiniz ?
3900	Menu	Bells	Ziller
3901	Menu	Continue ...	Devam ..
3902	Menu	Create new timetable	Yeni Ders Programı Oluştur
3903	Menu	Do you want to CLEAR the holidays from the selected days?	Seçili Tatil Gün(leri)ünü ÇiKARMAK İstiyormusunuz ?
3904	Menu	Do you want SET holidays to the selected days?	Seçili Gün(leri)ü Tatil Olarak AyarLAMAK İstiyormusunuz ?
3905	Menu	Do you want to shift the term also for all the following days?	Aşağıdaki Tüm Günler Boyunca Dönemin Kaydırılmasını İstiyormusunuz ?
3906	Menu	Each student has to be assigned to class(grade). Since you haven't picked class, the students cannot be added. However if you wish to add the students into one class, just please fill in the name. You can split them into more classes later. Or click Cancel and pick column with class name. Please input class name:	Her öğrenciye bir sınıf(not) atanmalıdır. Bir sınıf seçmedikçe, öğrenci eklemesi yapamazsınız. Eğer bir sınıfa öğrenci eklemek isterseniz, Lütfen ismi doldurunuz, daha sonra onları farklı sınıflara bölersiniz. Ya da iptal tuşuna tıklayın ve bir sınıf adı ile sütun seçiniz. Lütfen sınıf adını girin:
3907	Menu	Start date is incorrect	Başlangıç Tarihi Yanlış
3908	Menu	End date is incorrect	Bitiş Tarihi Yanlış
3909	Menu	Start date shall be sooner then end date	Başlangıç Tarihinden Daha erken Bitiş Tarihi Olacaktır
3910	Menu	Max days per all weeks	Tüm Hafta Başına En Fazla Gün
3911	Menu	Min days per all weeks	Tüm Hafta Başına En Az Gün
3912	Menu	empty term is OK	Boş Süreli Tamam
3913	Menu	Min days per all weeks	Tüm Hafta Başına Minimum Gün
3914	Menu	Max free weeks between cards per year	14) Yıl İçindeki Kartlar Arasında Maksimum Serbestliğe Sahip Haftalar Seçilen Değerden Fazla Olamaz.
3915	Menu	Must be assigned	Atanmalıdır
3916	Menu	Gaps in A must be filled with B	43) A Tablosunda Boşluklar, B Tablosundaki Seçilen Kayıtlar İle Doldurulmalıdır.
3917	Menu	Max periods per week in selected classrooms	29) Seçilen Sınıflarda Haftalık En Fazla Ders Sayısı Seçilen Değerden Fazla Olamaz.
3918	Menu	Min periods per week in selected classrooms	28) Seçilen Sınıflarda Haftalık En Az Ders Sayısı Seçilen Değerden Fazla Olamaz.
3919	Menu	Note: usually it is better to create the substitutions individually, by double clicking in the list of teachers at the right side of the screen. But if you want quick solution just please select what you want to generate:	Not: Genelde ekranın sağ tarafındaki öğretmen Listesine çift tıklayarak tek tek geçici öğretmen değişikliği yapmak tavsiye edilir. Ama çabuk bir çözüm istiyorsanız, sadece ne planlamak istiyorsanız onu seçin.
3920	Menu	Generate substitution	Değişimi Oluşturun
3921	Menu	Generate only empty	Yalnızca Boşlukları Oluşturun
3922	Menu	Generate ALL	TÜMÜNÜ Oluştur
3923	Menu	Please select a subject.	Lütfen Bir Ders Seçin
3924	Menu	This student already has this subject. Please select a different subject.	Bu Öğrencinin Zaten Aynı Dersi Var. Lütfen Farklı Bir Ders Seçiniz
3925	Menu	Do not show cancelled lessons	İptal Edilen Dersleri Gösterme
3926	Menu	Student count in class	Sınıftaki Öğrenci Sayısı
3927	Menu	Stop generating and show current result?	Ders Oluşturma Durdurulsun ve Şu Anki Planlama Gösterilsin Mi?
3928	Menu	Select if you want to replace or add classrooms to the lessons	Eğer Ders İçin Derslik Değiştirmek veya Eklemek İstiyorsanız Seçin
3929	Menu	Please input lesson capacity.	Lütfen Ders Kapasitesini Girin
3930	Menu	Today are holidays, are you sure you want to add missing teachers?	Bugün Tatil, Siz yinede Eksik Öğretmenleri Eklemek İstediğinizden Emin Misiniz?
3931	Menu	This substitution is probably incorrect, do you want to delete it?	Bu Yer Değiştirme Büyük Olasılıkla Yanlış Olup, Bunu Silmek İstiyormusunuz ?
3932	Menu	This substitution can be fixed, do you want to fix it?	Bu Yerine Koyma Sabitlenebilir, Bunu Düzeltmek İstiyormusunuz ?
3933	Menu	This substitution data is not valid. This file is missing:	Bu Yerine Koyma Verileri Geçerli Değil. Bu Dosya Eksik:
3934	Menu	If you still want to use this substitution data, please contact support@asctt.com. If not you can start a new school year or restore the data from backup.	Hala Bu Yer Değiştirme Verilerini Kullanmak İstiyorsanız, support@asctt.com İle irtibata Geçiniz. Eğer Değilse, Yeni Bir Okul yılı Başlatabilir veya Yedekten Verilerinizi Geri Yükleyebilirsiniz
3935	Menu	Using alternative instead of preferred subject	Tercih Yerine Alternatif Dersi Kullan
3936	Menu	Holidays	Bayramlar
3937	Menu	Unsatisfied requests	Karşılanmamış_seçmeler
3938	Menu	First row contains column headers	İlk Satır Sütun Başlıklarını İçeriyor
3939	Menu	Note: you only need to change times that are different from the default. If you leave the fields empty, then the default value shown under the field is used for this period.	Not: Sadece farklı olan zamanları değiştirmeniz yeterlidir. Boş bırakılan alanlarda varsayılan zaman gösterilecektir.
3941	Menu	To another teacher	Başka Bir Öğretmen İçin
3942	Menu	To another class	Başka Bir Sınıf İçin
3943	Menu	Disable	Etkin Değil
3944	Menu	Enable	Aktif Et
3945	Menu	Help on this constraint	Bu Kısıtlamadaki Yardım
3946	Menu	Your timetable will be published on your Timetables Online page for current school year.	Dosyanız İnternet Hesabınıza Kaydedilecektir.
3947	Menu	Do you wish to export also Flash version of your timetable for better viewing?	Ders Programını Daha İyi Görüntülemek İçin Flash Sürümünü Dışa Aktarmak İstiyormusunuz ?
3948	Menu	Your timetable was successfully saved.	Data Dosyası İnternet Hesabınıza Başarıyla Kaydedildi.
3949	Menu	If you wish you can send it to your teachers or publish it for online viewing for students and parents.	Artık Dosyanıza Her Yerden Erişebilecek. EDUPAGE Sisteminizde Görüntüleyebilirsiniz.
3950	Menu	Everything is password protected, easy to setup.	Şifre Ayarlayarak Her Şeyi Korumayı Sağlamak Kolaydır
3951	Menu	Data from TimeTables Online were successfully imported.	Ders Programına Ait Online Veri Başarıyla Alındı
3952	Menu	Whole timetable - without students - no checking	Seçmeli Dersler Temizlenerek Planlansın
3953	Menu	Whole timetable - lock students	Seçmeli Dersler Kilitlenerek Planlansın
3954	Menu	There is a new version available. Do you want to automatically download and install it?	Yeni Versiyon Bulundu ve Otomatik Olarak Güncellecek. Otomatik Kurulumu Başlatmak İstiyormusunuz ?]
3955	Menu	TimeTable for each class - with table	Ders Detaylı Program : Sınıflar
3956	Menu	Language	Dil
3957	Menu	School code	Okul Kodu
3958	Menu	Lessons per week	Haftalık Ders
3959	Menu	Substitution for this date was successfully published. If you wish you can send emails/SMS or just view the published substitutions:	Bugüne ait geçici yer değiştirme başarı ile yayınlandı. Eğer isterseniz e-mail yada sms gönderebilirsiniz. Ya da web sayfasındaki görüntüle ile yetinebilirsiniz.
3960	Menu	Lessons for class	Sınıfın Dersleri
3961	Menu	Lessons for subject	Seçili Dersi Atandığı Sınıf ve Öğretmenler
3962	Menu	Please input the name of this selection:	Lütfen Bu Seçimin Adını Girin:
3963	Menu	Student %1 alone can be generated	Öğrenci %1 tek başına planlanabilir.
3964	Menu	Likely fault detected in the specification of student %1	%1 Adlı Öğrencinin Ders Planlamasında Hata Tespit Edildi.
3965	Menu	Add Request	Seçmeli Ders Ekle
3966	Menu	No changes since last upload.	Geçen yüklemeden beri değişiklik yok.
3967	Menu	Upload changed days:	Değişen günleri yükle:
3968	Menu	What do you want to publish:	Ne yayınlamak istiyorsunuz:
3969	Menu	Current day	Bugün
3970	Menu	Specific days	Belirli Günler
3971	Menu	Max different subjects per day	27) Günlük En Fazla Farklı Ders Sayısı Seçilen Değerden Fazla Olamaz.
3972	Menu	Allow relax	Kısıtlamaları Gözardı Edebilirsiniz
3973	Menu	Make strict	Sıkı Yap
3974	Menu	District	İlçe
3975	Menu	Headmaster	Okul Müdürü
3976	Menu	Valid from	Başlangıç Tarihi:
3977	Menu	Valid to	Geçerlilik Sonu
3978	Menu	TimeTable for each teacher - with table	Ders Detaylı Program : Öğretmenler
3979	Menu	TimeTable for each teacher - extra	Tebliğ Belgesi : Öğretmenler
3980	Menu	The analysis was finished. The hardest cards are in red, the easiest cards in gray. You can turn this off in menu TimeTable/Analyze/Show generation colors.	Analiz bitirildi. En Zor kartlar kırmızı, en kolay kartlar gri olarak işaretlendi. Bu özelliği Planlama ve Yerleştirme/Analiz/Planlama Renkleri opsiyonundan kapatabilirsiniz
3981	Menu	Analyze by generation	Planlama Analizi
3982	Menu	This function will generate the timetable for exactly one minute. Then it will show you which cards were causing the most problems to place. In some cases this might help you to identify the potential problems in the timetable. On the other hand, on some timetables this information can be of no value. It might be wise to check the help topic below. Note: this will remove the currently placed cards.	Bu fonksiyon planlamayı tam olarak 1 dakikada yapacak ve size hangi kartların en çok problem yarattığını gösterecektir. Bu bazı durumlarda potansiyel problemlerin görülmesini sağlayabileceği gibi bazı durumlarda ise hiçbir faydası olmayabilir. Aşağıdaki yardım Linkini de inceleyebilirsiniz \Not: Bu işlem şu anki planlamayı değiştirecektir
3983	Menu	Ok, let's analyze	Tamam, Şimdi Analiz Et
3984	Menu	Analyze by Extended tests	Detaylı Kontroller Tarafından Analiz
3985	Menu	Use this function if your timetable passes the regular test but still fails to generate the whole timetable. This function will try to find the smallest part of your timetable that still cannot be generated. For example it might be possible to generate each class alone, but it may not be possible to generate 2 classes together. In some cases this function might quickly pinpoint the problem of your timetable, but in some timetables it may take very long and find nothing. So use it only when you have time. If in short time, try to use Draft generations and think by yourself which constraints/parts can be problem. Please check also the help below. Note:this will remove your timetable.	Bu fonksiyonu eğer ders programınız normal testi geçiyor fakat yine de oluşturulamıyorsa kullanın. Bu fonksiyon ders programınızdaki ufak hataları bulmaya çalışacaktır. Mesela bir sınıfı oluşturmak mümkün olabilir fakat iki sınıfı beraber oluşturmak mümkün değildir. Bazı durumlarda bu fonksiyon ders programınızdaki ufak problemi hemen gösterebilir, bazı durumlarda ise çok uzun süre arayıp bir problem gösteremeyebilir; bu yüzden yanlızca Zamanınızın olduğu durumlarda uygulayın. Aşağıdaki yardım Linkini de kullanabilirsiniz. Not: Bu işlem ders programınızı temizleyecektir
3986	Menu	Ok, let's do the Extended tests.	Tamam, Şimdi Dosya Analizine Başla
3987	Menu	In progress...	İlerleme Halinde
3988	Menu	Do you really want to generate the selected part of the timetable?	Sadece seçilmiş bölümlerini çalıştırmayı gerçekten istiyor musun ?
3989	Menu	Not finished:	Bitmedi.
3990	Menu	Are you sure you want to cancel the extended tests?	Detaylı kontrolleri iptal etmek istediğinize emin misiniz?
3991	Menu	Finished	Bitirildi.
3992	Menu	Test has found some parts of your timetable that cannot be generated. They are displayed in Red. Click button "Show me" to generate these parts again, so that you can check why that part cannot be generated. Note: this is test, so it is possible that on full generation or higher complexity or if you generate more times this part can be generated. So you shall not view this as 100% that this smaller part cannot be generated.	Test ders programınızın bazı bölümlerinin yapılamadığını farketti, bu bölümler kırmızı ile işaretlenmiştir. "Göster" butonuna basarak bu bölümleri tekrar oluşturun, bu sayede niye oluşmadıklarını görebilirsiniz Not:Bu bir testtir, ders programınızı daha yüksek bir karmaşıklık derecesinde ya da daha fazla denemeyle oluşturursanız ders planınız oluşturulabilir. Bu yüzden bu teste dayanarak ders planınızın %100 oluşamayacağını düşünmeyin
3993	Menu	Extended test has finished, but it could not find any particular issue with your timetable. If your full timetable cannot be generated, it is probably not a fault of some smaller subset of constraints/teachers/classes, but rather most of the constraints and object are involved in the problem. You shall try to generate on higher complexity and if that doesn't help generate with relaxation and/or turn of some constraints.	Detaylı kontroller sona erdi. Fakat programınızla ilgili belirli bir hata bulunamadı. Eğer programınız oluşturulamıyorsa bunun sebebi büyük ihtimalle küçük bir hata değil, birçok kısıtlama ve hatanın bir araya gelmesi. Ders programını farklı bir karmaşıklık derecesinde oluşturmayı deneyebilirsiniz. Yine sonuç elde edemezseniz kısıtlamaları/ilişkileri görmezden gelerek tekrar deneyebilirsiniz
3994	Menu	Analyze	Analiz
3995	Menu	Analyze by generation	Planlama Analizi
3996	Menu	Colors from generation	Planlama Renkleri
3997	Menu	Extended tests	Detaylı Veri Kontrolü
3998	Menu	Show me	Göster
3999	Menu	Objects	Objeler
4000	Menu	Constraints	Kısıtlamalar
4001	Menu	Working...	Çalışma...
4002	Menu	Summary:	Özet:
4003	Menu	Individual test results:	Bireysel test sonuçları
4004	Menu	Text below the timetable - leave empty to print date of generation	Ders programının altındaki yazı - Oluşturulma gününü yazdırmak için boş bırak
4005	Menu	This demoversion only allows you to add 10 classrooms	Bu demo versiyonu en fazla 10 derslik girmenize izin verir.
4006	Menu	Clear changed days info	Değiştirilmiş gün bilgisini kaldır.
4007	Menu	This name or short name was used beforehand, please input a different one	Benzer Bir Ad veya Kısa Kodda Kayıt Vardır. Kısa Kod veya Kayıt Adını Kontrol Ediniz..
4008	Menu	Name and short name cannot be empty, please input the correct name/short name"	Hata! Ad ve Kısa Kod Alanları Boş Olamaz.
4009	Menu	No constraints at all	Hiçbir kısıtlama yok
4010	Menu	Failed	Başarısız oldu
4011	Menu	Rehberlik	REHBERLİK
4012	Menu	CAUTION!!!	DİKKAT!!!
4013	Menu	Class %1 has more lessons (%2) then free positions in timeoff (%3).	%1 sınıfının en fazla %3 saat dersi olabilir. Şuan %2 saat dersi var.
4014	Menu	There was a problem downloading new version. Please go to %s and download the update from the webpage.	Yeni Versiyon Yüklemesi Sırasında Hata Oldu. Lütfen %s Adresinden Yeni Versiyonu İndiriniz
4015	Menu	New version was downloaded. Press OK to close timetables and run the new version	Yeni Versiyon Başarı İle İndirildi. Otomatik Kurulum Başlasın Mı?
4016	Menu	Please select the format in which you have inputted teacher names. Based of this format the software will determine first and last names:	Lüften öğretmenlerin girişini yaptığınız formatı geçin. Yazılım, bu formata göre adları ve soyadları belirliyecektir.
4017	Menu	Result:	Sonuç:
4018	Menu	Teacher %1 has more lessons (%2) then free positions in timeoff (%3).	%1 için en fazla %3 saat dersi olabilir. Şuan %2 daat dersi var.
4021	Menu	Select name from the above list or write a new name:	Yukarıdaki Listeden bir isim seçin ya da yeni bir isim girin:
4022	Menu	Please check this help topic on how to publish the timetable:	Planlamayı Yayınlamak İçin Yardım Bölümünü Okuyabilirsiniz:
4023	Menu	The substitution data were uploaded correctly, but there is no official timetable published for this date or the official timetable is different. Do you want to publish the actual timetable on the web?	Yer değiştirme bilgisi sorunsuz yüklendi fakat bu tarih için resmi bir planlama yok ya da resmi planlama bundan farklı. \Bu planlamayı webde yayınlamak istiyor musunuz?
4024	Menu	Please input your email:	Lütfen E-Mail Adresinizi Girin:
4025	Menu	Temporary subject	Sanal Ders
4026	Menu	Allow student to be in different sections in different terms	Öğrencilerin farklı dönemlerde farklı bölümlerde olmalarına izin ver.
4027	Menu	Remove this lesson	Bu dersi kaldır.
4028	Menu	Remove all temporary lessons	Tüm Sanal Dersleri Sil
4029	Menu	Quick changes	Hızlı Değişiklik Yap
4030	Menu	Remove lesson	Dersi Kaldır
4031	Menu	Remove ONLY this card	Sadece Bu Kartı Kaldır
4032	Menu	Temporary subject lessons are going to be deleted if timetable is tested or regenerated, do you want to continue?	Ders Planı Yeniden Oluşturulduğunda veya Test Edildiğinde Sanal Dersler Silinecektir. Devam etmek istiyor musunuz?
4033	Menu	Contract overview	Sözleşmelere Genel Bakış
4034	Menu	Do you really want to clear teachers from the selected lessons?	Öğretmenleri seçili derslerden almak istediğinize emin misiniz ?
4035	Menu	Mandatory	Zorunlu
4036	Menu	Teacher has to do this number of substtitutions of this type	Öğretmen, bu sayıda bu tür geçici öğretmenlik yapmak zorundadır.
4037	Menu	per school year	Okul yılı başına
4038	Menu	Show teachers' contracts when choosing teacher for a lesson	Ders için öğretmen seçerken öğretmenin atanmış deslerini göster.
4039	Menu	CourseGroups	Kurs/Grup
4040	Menu	Same requests	Ders Seçim İstatistiği
4041	Menu	Print the color in triangle	Rengi Sadece Sol Üst Köşeye Yazdır
4042	Menu	Print the registration name centered	Kayıt Adını Ortaya Yazdır.
4043	Menu	Keyboard shortcut	Kısa Yol
4044	Menu	Can split one double lesson (if placed on one day there cannot be gap)	2'lik Kartlar Bölünebilir
4046	Menu	Title:	Başlık :
4047	Menu	Dokumentation	Kullanım Klavuzu
4048	Menu	Extra large font	Daha Büyük Yazı Boyutu
4049	Menu	Mega font	Çok Büyük Yazı Boyutu
4050	Menu	Classroom %1 has more lessons (%2) then free positions in timeoff (%3).	%1 Dersliğinde En Fazla %3 Saat Ders Olabilir. Siz %2 Saat Ders Tanımlamışsınız.
4051	Menu	There are no cards that can come on these positions - please adjust Time-off for this class and block these positions.	Bu durumlara yerleşebilecek kartlar yok. Lütfen kapalı Zamanları ayarlayın ve bu durumları bloke edin.
4052	Menu	Manually assign student to section	El İle Yerleştirme İçin Kartı Seç
4053	Menu	Try to automatically add ALL students to this course	Tüm Öğrencilerin Yerleştirilmemiş Kartlarını Yerleştir
4054	Menu	Manually place this lesson into the timetable.	Bu dersi manuel olarak ders programına ekleyin.
4055	Menu	School logo	Okul Logosu
4056	Menu	Use one font for the whole design	Tüm tasarım için bir font kullan.
4057	Menu	Standard design	Standart Tasarım
4058	Menu	Disabled warnings and suggestions:	Devre dışı bırakılan uyarılar ve öneriler:
4059	Menu	The advisor doesn't see any critical issues in your timetable at the moment.	Danışman şu anda programda herhangi bir kritik sorun görmüyor.
4060	Menu	However you have disabled some advices. If you have problem generating timetable, it might be worth to recheck the disabled issues.	Bazı önerileri devri dışı bıraktınız. Ders programını planlarken sorun yaşarsanız, devre dışı bırakılan konuları tekrar kontrol etmenizi tavsiye ederiz.
4061	Menu	Critical problems	Kritik sorunlar
4062	Menu	Important issues	Önemli konular
4063	Menu	Suggestions	Öneriler
4064	Menu	Questions	Sorular
4065	Menu	Disabled issues	Devre dışı bırakılan konular
4066	Menu	Do you want to disable this message?	Bu uyarıyı devre dışı bırakmak mı istiyorsunuz ?
4067	Menu	Do you want to enable this message?	Bu mesajı etkinleştirmek istiyor musunuz ?
4068	Menu	Show the lessons of this class	Her sınıfın derslerini gösterin.
4069	Menu	Check the lessons defined for each group	Her grup için tanımlanan dersleri kontrol edin.
4070	Menu	Show the group definitions	Sınıf tanımlamalarını göster.
4071	Menu	Check which groups can go at the same time	Aynı saatte gidebilecek grupları kontrol et.
4072	Menu	Show the time-off of this class	Bu sınıfın kapalı Zamanları gösteriniz.
4073	Menu	You shall block the periods when the class cannot have any lessons.	Sınıfın dersi olmadığı Zamanlarınındaki periyotları bloke etmelisiniz.
4074	Menu	Show the subjects	Dersleri göster
4075	Menu	Show the teachers	Öğretmenleri göster.
4076	Menu	Change the time-offs of subjects.	Derslerin kapalı Zamanlarını değiştir.
4077	Menu	Edit the time-offs of teachers	Öğretmenlerin kapalı Zamanlarını düzenle.
4078	Menu	Show the time-off	Zaman tablosunu göster.
4079	Menu	Allow some more periods	Zaman tablosunda daha fazla derse izin ver.
4080	Menu	Show me the lessons	Atanan dersleri göster.
4081	Menu	Check the lesson counts	Atanan dersleri kontrol edebilirsin.
4082	Menu	Raise the lessons per day	Günlük ders sayısını yükselt.
4083	Menu	Raise the global number of lessons per day	Programın günlük ders sayısı arttır.
4084	Menu	This lesson can be in home classroom but there is no home-classroom defined for this class	Bu ders ancak ev dersliğinde yapılabilir ama bu sınıf için tanımlanmış bir ev dersliği bulunmamaktadır.
4085	Menu	This lesson can be in shared classroom but there is no shared classroom defined	Bu ders paylaşılan bir derslikte yapılabilir ama tanımlanmış bir paylaşılan derslik bulunmuyor.
4086	Menu	This lesson can be in classroom of subject, but the subject has no classroom defined	Bu ders, ancak dersin dersliğinde yapılabilir, ama bu dersin tanımlanmış bir dersliği yok.
4087	Menu	This lesson can be in teacher's classroom but the teacher has no classroom defined	Bu ders öğretmenin dersliğinde yapılabilir ancak öğretmene bir derslik tanımlanmamış.
4088	Menu	Show the lesson	Dersi göster
4089	Menu	Show the classrooms	Derslikleri göster.
4090	Menu	Define which classrooms are home classroom or shared classrooms	Hangi dersliklerin, sıfın dersliği yada ortak derslik olduğunu tanımla.
4091	Menu	Change in which classrooms this lesson can be placed	Bu dersin yerleşebileceği derslikleri değiştir.
4092	Menu	Show the lessons	Dersleri göster.
4093	Menu	Check how the lessons are defined	Derslerin nasıl tanımlandığı kontrol et.
4094	Menu	%1 teachers have whole days off	%1 Öğretmenin Zaman Tablosunda Kapalı Günü Var.
4095	Menu	Show the timeoff of teachers	Öğretmenlerin çalışmadığı günleri göster.
4096	Menu	Check which teachers have full days off	Hangi öğretmenler tüm gün izinli kontrol et ?
4097	Menu	%1 objects have nearly whole days blocked in timeoff	%1 Kaydın Tüm Günleri Zaman Tablosunda Nerdeyse Kapalı.
4098	Menu	Show the timeoffs	Kapalı Zamanları göster.
4099	Menu	Check the timeoffs	Kapalı Zamanları kontrol ediniz ?
4100	Menu	Please select your school type	Lütfen okul türünü seçin.
4101	Menu	Students are organized into classes(groups) that have the same(nearly the same) schedule. Like 6A, 603, 6.3, 6HT etc. Sometimes they are divided into groups.	Öğrenciler genellik ile sınıflar halinde ders işlerler. Bazen sınıf içinde gruplar oluşturulabilir.
4102	Menu	Some or all students have individual schedule based on their course requests.	Programda öğrencilerin kurs bilgileri gibi bireysel tercihleri bulunmaktadır.
4103	Menu	We use Options: student can select one subject from 5 possible as Option A. But these 5 subjects are placed on the same period in the timetable.	Öğrenciler 5 ders içinden 1 ders seçimi yapabilir. Dolayısıyla bu 5 dersin programda aynı Zamanda olması gerekir.
4104	Menu	We have multiple buildings and teachers need to travel between them. Some breaks might not be long enough for the teacher to go to different building.	Birden fazla binamız var. Dolayısıyla öğretmenlerimiz binalar arası gezebilir. Bazı teneffüsler öğretmenlerin binalar arası geçişi için yetmeyebilir.
4105	Menu	We have different schedules in different weeks	Okulumuzda çok haftalı program uygulanmaktadır. Örneğin bir program 4 hafta uygulanır ve daha sonra ders saatleri değiştirilir.
4106	Menu	We teach on more than 5 days(Saturdays or for example 8 day cycles)	Okulumuzda 5 günden fazla eğitim verebiliriz.
4107	Menu	We have lessons that can be only in certain TERM, the software can even choose in which term the lesson can be placed.	Bizim belli bir dönemde alınacak derslerimiz var. Yazılım, dersin hangi döneme yerleştirileceğini seçebilmelidir.
4108	Menu	Our teachers cannot teach more then certain number of lessons consecutively.	Öğretmenlerimiz arka arkaya belli bir ders sayısından fazla ders veremez.
4109	Menu	We try to avoid gaps in teacher's schedules.	Öğretmen programlarında boşluklar olmaması için çalışmalıyız.
4110	Menu	Student has to have same subject on the same period on each day.	Öğrenciler aynı dersleri her gün aynı periyotta almalıdır.
4111	Menu	Our students can have gaps in the schedule. They can go to library, study hall etc	Öğrencilerimiz derslerin arasında boşlukları olabilir.Bu boşlukları kütüphanede veya çalışma odasında geçirebilirler.
4112	Menu	Some/Not sure	Bazı / Kesinlik yok.
4113	Menu	Some older kids may come later to the school. For example they may come to 2nd period.	Bazı büyük öğrenciler okula biraz daha geç gelebilir. Örneğin 2. periyotta gelebilirler.
4114	Menu	Some kids can start with 0th period - one hour before the regular school starts.	Bazı öğrenciler derslere 0'cı periyotta başlıyorlar. Başka bir deyişle derslerine bir saat erken başlıyorlar.
4115	Menu	We have two shifts - some kids come in the morning, some in the afternoon.	İkili eğitimimiz var. Bazı öğrenciler sabah, bazı öğrenciler öğleden sonra geliyor.
4116	Menu	If a student has 3 lessons per week - it is ok that he has 2 on one day and 1 on another. These 3 lessons do not need to be on three different days.	Eğer bir öğrencinin haftada 3 dersi varsa bu dersleri bir gün 2 ders, diğer gün 1 ders şeklinde alabilir. 3 ders 3 değişik günde almak Zorunda değildir.
4117	Menu	Not sure	Kesinlik yok.
4118	Menu	Please check this help link	Lütfen yeni yardım Linkini kontrol edin.
4119	Menu	Click here to enable 0th period	0'cı saati etkinleştirmek için buraya tıklayın.
4120	Menu	Your kids can come to 0th period.	Sizin çocuklarınız 0. periyotta gelebilir.
4121	Menu	Click here to disable 0th period	0'cı saati kaldırmak için buraya tıklayın.
4122	Menu	Click here to enable or disable 0th period	0'cı periyota izin vermek ve vermemek için buraya tıklayın.
4123	Menu	Click here to define weeks	Haftaları tanımlamak için buraya tıklayınız.
4124	Menu	Currently: %d week(s)	Şuanda:%d hafta(lar)
4125	Menu	Click here to define terms	Dönemleri tanımlamak için buraya tıklayın.
4126	Menu	Currently: %d terms(s)	Şuanda:%d dönem (ler)
4127	Menu	Currently: %d days(s)	Şuanda:%d gün(ler)
4128	Menu	Click here to define the maximum consecutive lessons.	Buraya tıklayarak en fazla ardışık ders sayısı tanımlayın.
4129	Menu	Currently: max %d consecutive lessons	Şuanda: En fazla %d ardışık ders olsun.
4130	Menu	Click here to define the maximum allowed gaps per week.	Buraya tıklayarak haftalık boş ders sayısını tanımlayın.
4131	Menu	Currently: max %d allowed gaps per week	Şuanda: En fazla haftada %d boşluğa izin ver.
4132	Menu	Click here to define buildings	Bu araya tıklayarak binaları tanımlayın.
4133	Menu	Currently: %d different buildings	Şuanda: %d değişik bina
4134	Menu	Lesson that is more times per week will be placed on the same period on each day.	Haftada birden fazla olan dersler, her günün aynı periyoduna yerleştirilmelidir.
4135	Menu	Lesson that is more times per week can be on different periods on each day.	Haftalık birden fazla olan dersler, her günün değişik periyodlarında olabilir.
4136	Menu	%1/%2 classes can arrive later into school.	%1/%2 sınıfları okula daha sonra gelebilirler.
4137	Menu	%1/%2 classes can have gaps in schedule.	%1/%2 sınıflarının ders programında boşluklar olabilir.
4138	Menu	All new classes will be allowed to have gaps.	Tüm yeni sınıfların ders programlarında boşluklara izin verilecektir.
4139	Menu	Click here to allow gaps for students in all grades/classes	Ders programında boşluklara izin vermek için buraya tıklayınız ?
4140	Menu	Click here to disallow gaps for students in all grades/classes	Hiçbir sınıfta ders programında boşluklara izin vermemek için burayı tıklayınız ?
4141	Menu	Disable the 0th period?	0 periyodu devre dışı bırakalım mı ?
4142	Menu	Allow the kids to have 0th period?	Öğrencilere 0 periyot verilmesine için izin veriyor musunuz ?
4143	Menu	Do you want to allow your kids to have gapes in their timetables? Like the student can have 1st lesson,then nothing and then 4th lesson?	Öğrencilerin ders programlarında boş dersler bırakılmasına izin veriyor musunuz ? Örneğin bir öğrencinin birinci dersi ile dördüncü dersinin arasının boş olmasına izin verir misiniz ?
4144	Menu	No need to generate the timetable, these points need to be fixed first:	Bazı hatalar var. Planlama başarılı olmayacaktır. Önce bu hatalar düzeltmeniz gerekir.
4145	Menu	These points are probably problem:	Bu noktalar muhtemel problemlerdir.
4146	Menu	These points are most likely ok, but please check the help article to avoid potential problems	Bu sadece bir uyarıdır. Kayıtların bireysel olarak programı oluşabiliyor. Düşük bir ihtimal genel programın oluşması için bir sorun oluşturabilir.
4147	Menu	This is a just suggestion.	Bu sadece bir öneridir.
4148	Menu	%1 more times per week than days	Günlerden Haftalık %1 katı fazla.
4149	Menu	Ignore	Önemsiz
4150	Menu	Help	Yardım
4151	Menu	Please tell us a bit more about your school. Do not worry if you are not sure, you can change this anytime later:	Lütfen biraz okulunuzdan bahset eder misiniz ? Çok emin değilseniz de önemli değil; daha sonra istediğiniz Zaman değiştirebilirsiniz.
4152	Menu	Schedule type	Program Türü
4153	Menu	Country	Ülke
4154	Menu	Please select your country:	Lütfen ülkenizi seçin:
4155	Menu	Advisor	Danışman
4156	Menu	Printout design cannot be applied to summary timetables.	Yazdırma tasarımı özet ders programlarına uygulanamaz.
4157	Menu	You can only use design on individual timetables (for class, teacher, room or student)	Sadece tablo biçimindeki tasarımlara uygulayabilir.
4158	Menu	Printout design cannot be applied to special reports.	Yazdırma tasarımı özel raporlara uygulanamaz.
4159	Menu	It is not possible to specify design for empty timetable or for summary timetable.	Boş Zaman tablusu ve özet Zaman tablosu için tasarım belirlemek mümkün değildir.
4160	Menu	Card's color and background	Kartların renkleri ve arka planları
4161	Menu	Print row header in color	Satır Başlığını Renkli Yazdır.
4162	Menu	Print column header in color	Sütun başlığını renkli yazdır.
4163	Menu	Print background in color	Arka planı renkli yazdır.
4164	Menu	Print breaks in color	Renkli Yazdırma Aralıkları
4165	Menu	Used in summary timetables	Özet ders programlarında kullanmış.
4166	Menu	Line color	Satır Rengi
4167	Menu	Font color	Font Rengi
4168	Menu	Background 2	Arka plan 2
4169	Menu	Background 1	Arka plan 1
4170	Menu	Select design:	Tasarımı Seç
4171	Menu	Print logo	Yazdırma Logosu
4172	Menu	Design management:	Tasarım Yönetimi
4173	Menu	Header and Footer	Başlık ve Dipnot
4174	Menu	Header:	Başlık:
4175	Menu	Revert to standard design	Standart tasarıma dön.
4176	Menu	Current design for %s:	%s için mevcut tasarım.
4177	Menu	Do you want to save the changes the design '%1?' Note - if you do not save these changes they will be lost once you close the software. If you save the changes - then all objects/timetables using this design will be affected. Another option is to go to menu Designs and save the current design under different name	Tasarım '%1?' değişiklikleri kayıt etmek istediğinize emin misiniz ? Eğer bu değişiklikleri kayıt etmezseniz yazılım kapandığında değişiklikler de kaybolacaktır. Eğer değişiklikleri kayıt ederseniz objeler ve ders programları bu tasarımı kullanmaya başlayacaklardır. Bir diğer obsiyon da tasarım menüsüne girerek mevcut tasarımı farklı bir ad ile kayıt etmektir.
4178	Menu	%1 is currently using design %2.	%1 şuan %2 tasarımını kullanıyor.
4179	Menu	Editing colors for design "%s"	"%s" tasarımı için renkleri düzenle.
4180	Menu	Editing colors for report "%s"	"%s" raporu için renkleri düzenle.
4181	Menu	In unplaced section	Yerleştirilmemiş bölüm içinde.
4182	Menu	Unplaced sections	Yerleştirilmemiş Bölümler
4183	Menu	Add temporary subjects	k12kbs.com Üyelik Durumu : Pasif
4184	Menu	Remove temporary subjects	k12kbs.com Üyelik Durumu : Aktif
4185	Menu	It is not possible to add this timetable to the subsitution because it containts two classes with the same name:	Yer değişikliğini bu programda eklemek mümkün değil çünkü aynı isimde iki sınıf içeriyor.
4186	Menu	Max different positions per term	Bir Dönemdeki En Fazla Farklı Pozisyon
4187	Menu	Min seminars	52) Seçilen Değerden Az Seçmeli Ders Olamaz.
4188	Menu	Max seminars	53) Seçilen Değerden Fazla Seçmeli Ders Olamaz.
4189	Menu	Max 3 consecutive periods, or 2 doubles	19) (Amerika Eğitim Sistemi) En Fazla Ardarda Gelen 3 Dönem veya 2 İkiler.
4190	Menu	Max consecutive different lessons	20) En Fazla Ardarda Gelen Faklı Dersler Seçilen Değerden Fazla Olamaz.
4191	Menu	Max weeks/terms on one period	10) Bir Periyot İçindeki Hafta/Dönem Sayısı Seçilen Değerden Fazla Olamaz.
4192	Menu	Max different buildings per day	26) * Günlük En Fazla Farklı Bina Sayısı Seçilen Değerden Fazla Olamaz.
4193	Menu	Combination	Kombinasyonlar
4194	Menu	Same subjects	Aynı Dersler
4195	Menu	Success rate	Başarı Oranı
4196	Menu	Impossible	İmkansız
4197	Menu	Column 'Impossible' shows number of lessons that cannot be placed becasue the student asked for more lesson than time per week allows	'İmkansız' sütunu yerleştirilemeyen derslerin sayısını gösterir. Çünkü öğrenci hafta başına izin verilen dersten fazlasını istemiş.
4198	Menu	All importances	Tüm büyüklükler
4199	Menu	We use also numbers for subjects, students....	Dersler, öğrenciler vb için numaralar da kullanıyoruz.
4200	Menu	Do not show this message for this timetable	Bu mesajı bu program için gösterme.
4201	Menu	Periods per week (Subject in header row)	Haftalık Ders Saati (Hafta Başı Sutunundaki Ders)
4205	Menu	Please restart the software to apply new language	Lütfen programı yeniden başlatınız...
4212	Menu	Same period	Aynı Zamanda
4213	Menu	Consecutive periods	Ardarda Gelen Dönemler
4214	Menu	Same day	Aynı Gün
4215	Menu	Same term	Aynı Dönem
4216	Menu	Same students	Aynı Öğrenciler
4217	Menu	Different terms	Farklı Dönemler
4218	Menu	Same week,day and period(always together)	Aynı Hafta, Gün ve Saatlerde(Her zaman birlikte)
4219	Menu	Capacity:	Kapasite:
4221	Menu	Coursegroup - part:	Kurs/Grup - Parçası:
4222	Menu	Automatically find group (move only this student)	Otomatik Olarak Grubu Bul (Sadece Bu Öğrenciyi Taşı)
4223	Menu	Manually move to group:	El İle Gruba Taşı:
4224	Menu	Move to group:	Gruba Taşı:
4225	Menu	and reassign other requests of this student if necessary	Eğer gerekli ise bu öğrencinin diğer taleplerini yeniden ata.
4226	Menu	Subject capacity:	Ders Kapasitesi:
4227	Menu	Lesson capacity:	Sınıf Kapasitesi:
4228	Menu	Sorry, it was not possible to place this request into any section.	Üzgünüm bu isteği herhangi bir bölüme yerleştirmem mümkün değil.
4229	Menu	Removed	Çıkar
4230	Menu	and ignore conflicts	ve çakışmaları görmezden gel
4231	Menu	The full version features: unlimited printouts, support, export to html, excel, substitution software and Android and iPhone/iPad application for timetable and substitution viewing and much more	Daha fazla bilgi butonu ile Türkiye sitemizi görüntüleyerek, ülkenize özel uygun lisans fiyatlarımızı, Türkçe kullanım kılavuzu ve eğitim videolarını ayrıca aSc Mobil uygulaması ile neler yapabileceğinizi öğrenebilirsiniz. aSc Ders Planlama Programı ve Mobil Uygulaması size bir ders planlama programından fazlasıdır.
4232	Menu	More information / Order	Daha fazla bilgi için tıklayınız...
4233	Menu	For the correct display of your characters you might need to change the Windows regional settings. Please check this help link:	Dilinize ait karakterlerin doğru görüntülenmesi için Windows bölgesel ayarları değiştirmek gerekebilir. Yardım için lütfen bu bağlantıyı kontrol edin:
4234	Menu	You need to input teachers and classes before printing.	Yazdırmadan Önce Öğretmen ve Sınıf Programlarını Oluşturmak Gerekmektedir.
4236	Menu	Import lessons	Öğretmen Derslerini Al
4237	Menu	Import student's requests	Öğrenci İsteklerini Al
4238	Menu	Import other data	Diğer Verileri Al
4239	Menu	Verify and generate	Doğrula ve Oluştur
4258	Menu	Text on screen	Ekran Metni
4259	Menu	Remove students' requests	Öğrenci İsteklerini Çıkar
4260	Menu	Min periods per week where all classes have the selected lesson	54) Seçilen Dersin Tüm Sınıflarda Haftalık En Az Ders Saati Seçilen Değer Kadar Olmalıdır.
4261	Menu	Cards must only be placed on selected positions	00) Kartlar Seçilen Saatlerde Olmalıdır.
4262	Menu	Automatic	Otomatik
4263	Menu	Min max per day	Günlük En Az / En Fazla
4264	Menu	Select classes and groups for the new lesson:	Yeni ders için seçilen sınıflar ve gruplar:
4265	Menu	These teachers have to teach in too many classes at the same time	Bu öğretmenler aynı zamanda çok fazla sınıfda ders vermek zorundadır.
4266	Menu	Max different sections	57) Max Farklı Bölümler
4267	Menu	Remove all teachers from supervision	Tüm öğretmenlerin Gözetimlerini Kaldır
4268	Menu	This license has expired. Please contact aSc or your partner to get a new license.	Hata! Lisans Süreniz Bitmiştir. www.ascturkiye.com adresinden lisansınızı yenileyebilirsiniz. Bize 0850 212 15 12 numaralı telefondan ulaşabilirsiniz...
4269	Menu	Sum of covered lessons	Derslik Kullanım Oranı
4270	Menu	Daily attendance formular	Günlük Yoklama Fişi
4271	Menu	Change lesson's subject	Atanmış Dersleri Değiştir
4272	Menu	Clear teacher from lesson	Dersleri Öğretmen Olmadan Olarak Ayarla
4273	Menu	Remove lessons	Öğretmenlerin Derslerini Temizle
4274	Menu	Count per week	Seçili Haftayı Hesapla
4275	Menu	Use local export(might not work on some computers due to security settings)	Yerel dışa aktarımı kullanın (Bazı bilgisayarlarda guvenlik ayarlarından dolayı calısmayabilir)
4276	Menu	How to download HTML from TimeTables Online	TimeTables onlinedan html'i nasıl indirebiliriz.
4277	Menu	Use Timetables Online to publish the timetable	Programı yayınlamak için Timetable Onlinenı kullanın.
4278	Menu	Please check these topics	Lütfen bu konuyu kontrol ediniz.
4279	Menu	List of teachers	Öğretmen Bilgileri Raporu
4280	Menu	List of classes	Sınıf Bilgileri Raporu
4281	Menu	Cards	Kartlar
4282	Menu	Do you really want to delete this period?	Bu saati gerçekten silmek istiyormusunuz?
4283	Menu	There was some problem publishing your timetable.	Ders programı yayınlamakta bazı sorunlar vardı.
4284	Menu	Your timetable was successfully published	Ders programınız başarıyla yayınlandı.
4285	Menu	Do you want to quit aSc TimeTables?	Programda çıkmak istiyormusunuz?
4286	Menu	Select existing	Varolanı seç
4287	Menu	Overwrite older file:	Eski dosyanın üzerine kaydet:
4288	Menu	Save under this name:	Bu ad ile kaydet:
4289	Menu	TimeTable saved to server	Ders programı online hesaba kaydedildi.
4290	Menu	Do you want to publish timetable: %s for dates: %s - %s?	Ders programını yayınlamak istiyormusunuz: %s Tarih: %s - %s?
4291	Menu	Allow strict generation option	Planlama penceresinde Sıkı Planlama seçimini göster.
4292	Menu	Input individual students	Bireysel öğrencileri girme (beta 2018)
4293	Menu	Student must have one of the selected teachers on these seminars	55) Öğrenci, bu ders/kurslarda seçilen öğretmenlerden birine sahip olmalıdır.
4294	Menu	Student cannot have one of the selected teachers on these seminars	56) Öğrenci, bu ders/kurslarda seçilen öğretmenlerden birine sahip olamaz.
4295	Menu	Split students among other teachers	Öğrencileri Diğer Öğretmenlere Paylaştır.
4296	Menu	Seminar count per week	Haftalık Seçmeli Ders Sayısı
4297	Menu	Seminar teacher	Ders Öğretmeni
4298	Menu	Seminar type	Seçmeli Ders Türü
4299	Menu	Seminar name	Seçmeli Ders Adı
4300	Menu	Name prefix	İsim Ön Ek
4301	Menu	Name suffix	İsim Son Ek
4302	Menu	M	E
4303	Menu	F	K
4304	Menu	Max gaps per week (count empty starting periods in each day as gaps)	16.1) Haftalık Boş Ders Sayısı (İlk dersden önce boş ders var ise onlarda boşluk olarak sayılsın.)
4305	Menu	Max gaps per day (count empty starting periods as gaps)	15.1) Günlük Boş Ders Sayısı (Boş dersler 1. saatten itibaren sayılsın)
4306	Menu	Max gaps per week (count empty ending periods in each day as gaps)	16.2) Haftalık Boş Ders Sayısı (Son dersden önce boş ders var ise onlarda boşluk olarak sayılsın.)
4307	Menu	Max gaps per day (count empty ending periods as gaps)	15.2) Günlük Boş Ders Sayısı (Boş dersler son saatte kadar sayılsın)
4308	Menu	In order to generate the timetable your school needs to have a valid yearly maitenance license. It costs just {price} per year and you will be able to: 1. generate the timetables 2. print timetables without watermarks 3. use online substitutions to track daily changes 4. access support 5. publish any number of timetables. Your teachers or students can see them online on EduPage or via the mobile application.	Ders programını oluşturmak için okulunuzun bir yıl geçerli olan lisansa sahip olması gerekir. Onun her yıl ücreti vardır ve şunları yapabileceksiniz: 1. Ders programı oluşturmak 2. Demo fligran olmadan yazdırma 3. Günlük değişiklikleri takip için online substitution kullanmak 4. Erişim desteği 5. Herhangi bir sayıda ders programı yayınlamak. Öğretmenleriniz veya öğrencileriniz onları çevrimiçi olarak EduPage'de veya mobil uygulamada görebilirler.
4311	Menu	Show full teacher name in main view row header	Ana ekranda satır başlıklarında öğretmenlerin tam adı gösterilsin.
4312	Menu	This function will only randomly assign the students to sections. Do this only for some initial testing. The best way to assign students to seminar groups is during the generation. The PRO version generator can move students between groups and also can move lessons to better accommodate students' requests. Do you want to continue?	Bu işlem öğrencileri sadece rasgele bölümlere atayacaktır. Bunu yalnızca bazı başlangıç testleri için yapın. n Öğrencileri seminer gruplarına atamanın en iyi yolu, otomatil planlamadır. PRO versiyon, öğrencileri gruplar arasında taşıyabilir ve ayrıca öğrencilerin isteklerini daha iyi karşılamak için dersleri de taşıyabilir. Devam etmek istiyor musunuz?
4313	Menu	There are already some cards placed in the timetable. This function will not move them to different positions, so if they are placed on unfortunate positions, it may not be possible to add all students to groups(if for example student has two subjects that are always placed on the same position. The better aproach is to let the software generate the timetable and move also the lessons.	Ders programında zaten bazı kartlar var. Bu fonksiyon onları farklı pozisyonlara taşımaz, bu yüzden eğer talihsiz pozisyonlara yerleştirilirlerse, bütün öğrencileri gruplara eklemek mümkün olmayabilir (örneğin, öğrenci her zaman aynı pozisyonda yerleştirilmiş iki ders varsa). Daha iyi bir yaklaşım, yazılımın ders programını oluşturmasına ve dersleri hareket ettirmesine izin vermektir.
4314	Menu	Improving your timetable can be done in three ways:	Ders programınızı 3 şekilde iyileştirebilirsiniz.
4315	Menu	Real generation In most cases even the smallest constraint added to your timetable can have vast implication on how your timetable HAS to be structured. Thus generating again from the start is in most cases the best solution.	Tekrar Planla Çoğu durumda, ders programına eklenen basit gördüğünüz bazı ilişki veya kısıtlamaların süreç üzerinde çok büyük etkileri olabilir. Bundan dolayı en baştan tekrar otomarik planlama yapmak çoğu durumda en iyi çözümdür.
4316	Menu	Add unplaced cards only The software can try to add unplaced cards into the timetable. If there are any constraints relaxed in the currently placed cards - the software will not try to fix them, it will just concentrate in getting the unplaced cards into your timetable.	Yalnızca yerleştirilmemiş kartlar Yazılım, yerleştirilmemiş kartları yerleştirmeyi deneyebilir. Şu anda yerleştirilmiş kartlarda gözardı edilen herhangi bir kısıtlama varsa - yazılım bunları düzeltmeyi denemez, yerleştirilmemiş kartları ders programına yerleştirmeye yoğunlaşır.
4317	Menu	Safe but limited generation Using this option the software will only try to remodel your timetable while - at each step - have a complete timetable. This aproach will never end in failed generation, but since the algorithm's hands are tied - in most cases it will not have enough options to find the proper solutions. Use this only if you really cannot afford a new generation and you want to try to add few constraints into the previously generated timetable.	Güvenli ancak sınırlı planlama Bu seçenek ile yazılım yalnızca ders programınızı yeniden şekillendirmeye çalışır. Bu yaklaşım, başarısız üretimde asla bitmeyecek, ancak algoritmanın elleri bağlı olduğundan - çoğu durumda uygun çözümleri bulmak için yeterli seçeneğe sahip olmayacaktır. Bunu yalnızca yeni bir otomatik planlama gerçekten çözüm olmuyorsa ve önceden oluşturulan ders programına birkaç basit değişiklik eklemeye çalışıyorsanız kullanın.
4318	Menu	Student cannot have the same teacher on the selected seminars	58) Seçilen seçmeli derslerde öğrenci aynı öğretmene sahip olamaz.
4319	Menu	Lessons cannot be faster with curriculum per week	59) Haftalık müfredatla dersler daha hızlı olamaz
4320	Menu	Lessons cannot be faster with curriculum per week(at the end of each day)	60) Her hafta, müfredatla dersler daha hızlı olamaz.(Her günün sonunda)
4321	Menu	Default icons	Standart ikonlar
4322	Menu	Classic icons	Klasik ikonlar
4323	Menu	Line icons	Çizgi simgeleri
4324	Menu	Color icons	Renkli simgeler
4325	Menu	Check internet connection	İnternet bağlantısını kontrol et
4326	Menu	The software is registered to:	Yazılımın kayıtlı olduğu ülke:
4327	Menu	You can use all the features of aSc Timetables and aSc Substitution programs. You can also use the timetables online feature to share your timetable on the internet.	aSc k12 Bilişm Ders Programı ve aSc Substitution programlarının tüm özelliklerini kullanabilirsiniz. Ders programınızız internette paylaşmak için çevrimiçi özelliğini de kullanabilirsiniz
4328	Menu	If you want to input a different registration name please use this button:	Farklı bir kayıt adı girmek istiyorsanız lütfen bu düğmeyi kullanın:
4329	Menu	If you need help with any feature, please do not hesitate to contact us	Herhangi bir özellikle ilgili yardıma ihtiyacınız varsa, lütfen bizimle iletişime geçmekten çekinmeyin.
4330	Menu	Your teachers and students can also use Android or iOS mobile application to view the latest timetable and substitution data.	Öğretmenleriniz ve öğrencileriniz, en son ders programını ve yer değiştirme verilerini görüntülemek için Android veya iOS mobil uygulaması kullanabilirler.
4331	Menu	Apply to lessons	Derslere uygula
4332	Menu	Apply to section numbers for each subject	Her bir konuda bölüm numaralarına başvurun
4333	Menu	Apply to section numbers	Bölüm numaralarına uygula
4334	Menu	(include seminars without students)	(Öğrenci olmayan dersler dahil)
4335	Menu	Stop improving	Geliştirmeyi durdur
4336	Menu	Start improving	Geliştirmeye başla
4337	Menu	You need to restart the application, so that the changes can be applied.	Değişikliklerin uygulanabilmesi için uygulamayı yeniden başlatmanız gerekir.
4338	Menu	Background colors	Zemin rengi
4339	Menu	Add by typing, press Enter to separate:	Yazarak ekleyin, ayırmak için Enter tuşuna basın:
4340	Menu	Click to select:	Seçmek için tıkla:
4341	Menu	Setup wizard and first steps guide	Kurulum sihirbazı ve ilk adımlar kılavuzu
4342	Menu	Print double lessons as singles	Çift dersleri tekli yazıdır.
4343	Menu	Number:	Numara:
4344	Menu	Merge 2 singles into double	İki tekliyi bir çiftliye birleştir.
4345	Menu	Split one double into 2 singles	Bir çiftin 2 tekliye'a bölünmesi
4346	Menu	Test type	Test Tipi
4347	Menu	Status	Durum
4348	Menu	Objects	Nesneler
4349	Menu	Use lesson names	Ders adlarını kullan.
4350	Menu	1. Doubleclick on any existing object in printpreview to change it 2.Use the right mouse button to add/remove objects in the print design.	1. Baskı önizlemesinde var olan herhangi bir nesneyi değiştirmek için çift tıklayın. 2.Baskı tasarımında nesneleri eklemek / kaldırmak için farenin sağ tuşunu kullanın.
4351	Menu	%1 : contains lessons of different length	% 1: Farklı uzunlukta dersler içeriyor
4352	Menu	In between	Arasında
4353	Menu	Load	Yükle
4354	Menu	Save also the design of cards	Ayrıca kartların tasarımını da kaydedin
4355	Menu	Substitution online	Online Geçici Değişiklik
4356	Menu	Manage your daily substitutions, absent and cover teachers online.	Günlük geçici değişikliklerini yönetin, öğretmenleri çevrimiçi olarak kapsayın.
4357	Menu	# of Exceptions - Number of days that can have more lessons then the maximum allowed	İstisnaların Sayısı - Daha fazla derse sahip olabilecek gün sayısı, ardından izin verilen maksimum süre.
4358	Menu	Optimal classrooms	En Uygun Derslik
4359	Menu	Optimal	En Uygun
4360	Menu	Normal classrooms	Normal Derslik
4361	Menu	Normal	Normal
4362	Menu	Bad classrooms	Uygunsuz Derslik
4363	Menu	Bad	Uygunsuz
4364	Menu	Emergency classrooms	Acil Durum Dersliği
4365	Menu	Emergency	Acil Durum
4366	Menu	This number specifies maxium periods on any day. Only the marked positions are considered.	Bu sayı, herhangi bir günde azami saati belirtir. Sadece tablodaki işaretli saatlerde dikkate alınır.
4367	Menu	Emergency classroom was used	Acil durum dersliği kullanıldı.
4368	Menu	Min periods per week in optimal classrooms	07) En Uygun Dersliklerde Bir Haftada Seçilen Değerden Az Ders Olamaz.
4369	Menu	Max periods per week in emergency classrooms	08) Acil Durum Dersliklerinde Bir Haftada Seçilen Değerden Fazla Ders Olamaz
4370	Menu	Add or optimize classrooms	Derslikleri ekle veya optimize et
4371	Menu	Add only Add classrooms only to lessons that are currently without classroom.	Yalnızca Ekle Bu seçim ile sadece derslik olmayan derslere derslik belirlenecek.
4372	Menu	Add and optimize The generator will add classrooms, and may also change the classrooms of already assigned lessons.	Ekleme ve optimize et. Bu seçim ile derslere derslik eklenecek ve önceden belirlenmiş derslerin derslikleri de değiştirilecektir.
4373	Menu	Improve the timetable Allow the generator to move the lessons to different positions. This may help to better utilize the classrooms.	Ders programını iyileştirin. Bu seçim ile derslerin farklı konumlara taşınmasına izin verin. Bu sayede derslikleri daha iyi kullanabilirsiniz.
4374	Menu	Set the lessons of this subject to always use the "Subject classrooms" defined here.	Burada tanımlanan "Derse Ait Derslikleri" her zaman kullanmak için, atanmış derslere uygulayın.
4375	Menu	Printout - type	Yazdırma - Tipi
4376	Menu	Printout - name	Yazdırma - Adı
4377	Menu	There are some temporary subjects.	Sanal derslerin durumunu seçiniz.
4378	Menu	Delete them	Hepsini Sil
4379	Menu	Keep them	Tekrar Yerleştir
4380	Menu	Keep and lock where they are.	Mevcut Yerleşimleri Koru
4381	Menu	Problems found so far:	Tespit edilen sorunlar:
4382	Menu	Generate in cloud	Bulut Tabanlı Planlama Başlat
4383	Menu	You need to have a valid yearly maintenance for using cloud generator.	aSc Sunucularını kullanmak için geçerli yıllık hizmet anlaşmanızın olması gerekir.
4384	Menu	It is not expensive.	Pahalı değil.
4385	Menu	Order now	Şimdi sipariş ver.
4386	Menu	With relaxations	Bazı istekler göz ardı edilerek
4387	Menu	The best timetable found so far with relaxation. Looking for better solutions	Şimdiye kadar en rahat bulunan ders programı. Daha iyi bir çözüm mü arıyorsunuz?
4388	Menu	Strict (no relaxations)	Tüm kısıtlamalara ve ilişkilere sahip.
4389	Menu	The best timetable found so far without any relaxation. Looking for better solutions	Ara vermeden şu ana kadar bulunan en iyi ders programı. Daha iyi bir çözüm mü arıyorsunuz?
4390	Menu	Show problems	Problemleri göster
4391	Menu	It is very likely that the generation will also fail. There are probably some constraints or your contracts are distributed amongst the teachers so that your timetable doest exist. You can continue to generate, maybe the generator will find the solution, maybe it will relax some of your constraints. But it is probably wiser to check where the extended test has failed.	Ders programı oluşturma süreci devam ediyor ama ilişki ve kısıtlarınızı gözden geçirmenizde fayda var. Eğer iki saatlik kartlara bölünme izni verirseniz planlamanın başarılı olma ihtimalini ciddi anlamda yükseltirsiniz. Son olarak planlama öncesi kontrol işleminde hata almadığınızdan emin olunuz.
4392	Menu	Extended Test failed	Verileriniz oldukça karmaşık gözüküyor.
4393	Menu	Critical problems found:	Kritik problemler bulundu:
4394	Menu	Available actions:	İşlemler / Sonuçlar...
4395	Menu	Cloud generator is working:	Ders programınız aSc veri merkezi ile bağlantılı olarak oluşturuluyor...
4396	Menu	Cloud generator has some questions or suggestions on how to go on:	aSc Sunucusunda planlamanın nasıl devam edebileceği hakkında bazı sorularımız ve tavsiyelerimiz var:
4397	Menu	Cloud generator is ready	Esnek Planlama
4398	Menu	Press button Start to generate your timetable.	Hızlı bir sonuç almak için Esnek Planlamayı kullanabilirsiniz. Ayrıca 2 saatlik sözel derslere bölünme izni verirseniz, bu derslerin gerekirse 1+1 olarak yerleştirilmesini sağlayabilir, sonuç alma sürenizi kısaltabilirsiniz.
4399	Menu	Test failed	Test başarısız oldu
4400	Menu	There is no need to generate your timetable because some smaller parts cannot be generated alone. Please run the test to see which. Once you correct the problem, you can generate again.	Ders programınızı oluşturmanız pek mümkün görünmüyor. Sorunları görmek yandaki butona basabilirsiniz. Hızlı bir sonuç almak için önerimiz, 2 saatlik sözel derslere bölünme izni vermeniz. Program gerektiği takdirde bu dersleri 1+1 olarak yerleştirerek hızlı bir sonuç bulabilir.
4401	Menu	New version available.	Yeni sürümümüz hazır!
4402	Menu	Cloud generator was upgraded, please download the latest version of the software.	aSc veri merkezindeki algoritmalar güncellendi. Yeni versiyonu indirmelisiniz.
4403	Menu	Download now	Şimdi İndir
4404	Menu	Endless generation	Sonsuz MOD
4405	Menu	Cloud generator will work until it finds the solution or is stopped manually. Meanwhile it will show the best solutions found.	Ders programınızda çok fazla kısıtlama veya ilişki var ise Sonsuz Modu denemelisiniz. Sonsuz Mod tüm isteklerinizin yerine getirildiği bir ders programı oluşturuluncaya kadar çalışır. Fakat bu süreçte bulduğu sonuçları incelemeniz için size önerir. Eğer bir sonucu beğenirseniz onu durdurabilirsiniz.
4406	Menu	Start endless	Başlat
4407	Menu	Do you want to end the cloud generator?	İşlemi sonlandırmak istiyor musunuz?
4408	Menu	Do you want to open the best solutions found during the generation?	Planlama süresince bulunan en iyi sonuçları görüntülemek istiyor musunuz?
4409	Menu	The best solution found so far: %d unplaced cards.	Bulunan En Yakın Sonuç: Yerleşmeyen Kart Sayısı (%d)
4410	Menu	The best solution found so far with relaxed constraints: unplaced cards %u, strict %s, high %h, normal %n, low %l.	Bulunan En İdeal Sonuç: Yerleşmeyen Kart Sayısı (%u) Görmezden Gelinen İlişki Sayıları: Sıkı(%s), Yüksek(%h), Normal(%n), Düşük(%l)
4411	Menu	Cloud generator can use both your PC and our cloud computers to generate your timetable. It will also apply our latest expertise on your timetable. Use this function if you are not sure what to do next with your timetable or if you have very complicated timetable and have problems generating it.	Bulut tabanlı planlama ile ders programınız aSc veri merkezine gönderilir. En güncel algoritmalar ve yüksek hızlı bilgisayarlar ile ders programınız oluşturulur. Tavsiyemiz bir kaç defa Esnek Planlamayı çalıştırmanız. Eğer sonuçlardan memnun değilseniz Sonsuz Modu denemelisiniz.
4412	Menu	(Endless mode)	Sonsuz Mod
4413	Menu	aSc TimeTables will open the timetable in separate window.	Ders programı ayrı bir pencerede açılacaktır.
4414	Menu	Problem communicating with cloud server. Please check your internet connection. Once fixed, press retry.	aSc veri merkezi ile iletişimde sorun yaşanıyor. Lütfen internet bağlantınızı kontrol ediniz.
4415	Menu	Retry	Tekrar dene
4416	Menu	Cancel cloud generator	aSc veri merkezi ile bağlantıyı kapat ve işlemi iptal et
4417	Menu	Optimized usage. Slower speed, but you can use pc for other tasks.	Optimize kullanım düşük hızla çalışır ve bilgisayarınızı başka işlemler için kullanabilirsiniz.
4418	Menu	Timetables checked	Kontrol edilen ders programı sayısı...
4419	Menu	Some constraints were relaxed.	Çözüm için bazı istekler göz ardı gelindi.
4420	Menu	Cloud generator has tried to provide you an answer as fast as possible, so it has relaxed several constraints. You can check the result to see what was relaxed and maybe change some constraints and then generate again. Or, if you think the input and constraints are correct, you can try the endless mode that will generate your timetable until it finds a solution.	Tebrikler bir ders programı oluşturuldu. Esnek Planlamada en kısa sürede bir ders programı oluşturulması istendiği için bazı kısıtlamalar/ilişkiler göz ardı edilmiştir. Öncelikle sonucu incelemenizi tavsiye ediyoruz. Eğer sonuçtan memnun değilseniz ve vaktiniz var ise Sonsuz Modu çalıştırabilirsiniz. Önerimiz Sonsuz Modu bazı 2'lik kartlara bölünme izni vererek çalıştırmanızdır.
4421	Menu	OK, switch to endless mode	Tamam, Sonsuz Moda Geç.
4422	Menu	NO, not now	Oluşturulan Programı Göster
4423	Menu	Try cloud generator - It was designed to help you with stuck timetables.	Bulut Tabanlı Planlama zor ders programları için geliştirilmiştir. Çalıştırmak için tıklayınız...
4424	Menu	aSc Substitutions Online	
4425	Menu	Please use Substitutions online. It has many advantages and more features. Please check the below link on how to start Substitutions online. The PC version of substitutions will be discontinued soon.	
4426	Menu	How to start aSc Substitutions online	
4427	Menu	Exporting and sharing your timetable	
4428	Menu	aSc TimeTables allows you to easily share your timetable. Please check the below link on how to share your timetable with colleagues and how to export your timetable for web/mobile devices.	
4429	Menu	How to share/export my timetable?	
4430	Menu	Card relationship	
4431	Menu	Star/color	
4432	Menu	Clear All	
4433	Menu	Do you want to test the selected cardrelationship? (Your current timetable will be cleared first.)	
4434	Menu	Improve has finished.	
4435	Menu	Improve was stopped	
4436	Menu	Gap between the lessons has to be greater than the specified number	
4437	Menu	If gap exists, it has to be 2 or more periods long	
4438	Menu	If gap exists, it has to be at least the specified number. Specify the gap length at least 2	
4439	Menu	The gap between days has to be greater than this number	
4440	Menu	To other week	
4441	Menu	Relax based on importance	
4442	Menu	Min distance between lessons in one day	
4443	Menu	Min free days between lessons (weekend is not considered)	
4444	Menu	Max different days per week (per all weeks)	
4445	Menu	Global	
4446	Menu	Safe generation that can break new constraints The software will try to improve your timetable. It may for example reduce one broken high importance constraint, but in order to do so, it may need to break 3 low importance constraints. Also this method cares about the quality of the broken constraints. If teacher has 6 gaps instead of one allowed, this is not one broken constraint, but it counts as 5. This is expressed in the column 'Points'.	
4447	Menu	Max different buildings per week	
4448	Menu	Sufficient for the transition between buildings.	
4449	Menu	Max different rooms per all weeks/terms	
4450	Menu	The following students have more course requests than periods per week:	
4451	Menu	The following courses are overbooked. They have more student requests then their capacity allows:	
4452	Menu	The following courses do not have section(s) and some students requested those courses:	
4453	Menu	Show students	
4454	Menu	Create sections or remove course requests	
4455	Menu	Change capacity or add sections	
4456	Menu	Change student's requests	
4457	Menu	Points	Puanlar
4458	Menu	Student has more lessons at the same time.	
4459	Menu	Student has more courses at the same time.	
4460	Menu	Different lessons from the same course are at the same position.	
4461	Menu	Course is on a period forbidden for the class.	
4462	Menu	Max classroom changes per day	
4463	Menu	There must be at least one A before B in day	
4464	Menu	There must be at least one B after A in day	
4465	Menu	Delete all unplaced cards	
4466	Menu	Enable checking whether a teacher or classroom has overlapping lessons in sections with different bell schedules.	
4467	Menu	Print mid day divider	
4468	Menu	Bell-times overlap from different school sections	
4469	Menu	Max building changes per day	
4470	Menu	Apply only on days with at least X periods	
